p,m_k,n_k,q_k
11,1,2,3
13,2,2,3
17,3,2,3
29,1,3,3
29,2,2,5
31,2,3,3
41,4,2,5
41,5,2,3
43,4,3,3
53,2,2,7
59,5,3,3
73,6,2,3
83,1,4,3
89,3,4,3
89,6,2,5
97,4,4,3
113,5,4,3
113,6,2,7
127,1,3,5
137,4,2,11
137,7,2,3
157,5,3,5
173,2,2,13
233,6,2,13
251,3,5,3
281,8,2,5
283,8,3,3
293,2,2,17
307,6,5,3
337,8,4,3
347,2,3,7
353,6,2,17
359,4,3,7
499,8,5,3
521,9,2,3
593,6,2,23
593,9,4,3
599,8,3,7
617,8,2,19
641,4,4,5
733,2,6,3
761,5,6,3
857,4,2,29
857,7,6,3
881,8,4,5
977,4,2,31
1033,10,2,3
1049,10,2,5
1051,10,3,3
1097,8,2,29
1193,10,2,13
1217,8,2,31
1367,10,3,7
1373,2,2,37
1433,6,2,37
1459,7,3,11
1553,10,2,23
1697,4,2,41
1753,10,6,3
1913,6,2,43
2129,11,4,3
2203,4,7,3
2213,2,2,47
2213,4,3,13
2251,6,7,3
2273,6,2,47
2393,10,2,37
2417,4,4,7
2657,8,4,7
2699,9,7,3
2777,11,6,3
3221,10,3,13
3253,7,5,5
3637,9,5,5
3833,10,2,53
4177,12,4,3
4217,12,2,11
4339,12,5,3
4457,12,2,19
4493,2,2,67
4721,12,4,5
4937,12,2,29
5297,8,2,71
5333,2,2,73
5393,6,2,73
6257,4,2,79
6353,10,2,73
6563,1,8,3
6569,3,8,3
6577,4,8,3
6689,7,8,3
6863,2,3,19
6961,11,3,17
7577,12,2,59
7817,12,2,61
7883,10,3,19
7937,4,2,89
8219,13,3,3
8273,13,4,3
8317,13,3,5
8609,11,8,3
9137,12,2,71
9413,2,2,97
9473,6,2,97
10337,12,2,79
10433,10,2,97
10457,8,2,101
10613,2,2,103
10657,12,8,3
11317,13,5,5
11633,10,2,103
11897,4,2,109
12473,10,2,107
14657,4,4,11
14753,13,8,3
14897,8,4,11
15629,2,6,5
15641,4,6,5
15881,8,6,5
16193,6,2,127
16411,14,3,3
16433,14,2,7
16553,14,2,13
16649,10,6,5
16673,14,2,17
16811,2,5,7
16823,4,5,7
16871,6,5,7
17417,8,2,131
18233,14,2,43
18593,14,2,47
18773,2,2,137
19577,8,2,139
19687,2,9,3
19699,4,9,3
19793,10,2,137
20359,13,3,23
20707,10,9,3
20873,14,2,67
20903,12,5,7
21713,14,2,73
22817,4,2,151
23057,8,2,151
23417,12,2,139
24391,1,3,29
24421,5,3,29
24517,7,3,29
25673,10,2,157
25793,14,2,97
26297,12,2,149
26437,11,3,29
26573,2,2,163
26633,6,2,163
26993,14,2,103
27893,2,2,167
27953,6,2,167
28817,8,4,13
29153,14,2,113
30047,8,3,31
32009,14,6,5
32057,4,2,179
32297,8,2,179
33191,14,5,7
35153,14,2,137
36067,14,9,3
36137,12,2,179
36497,4,2,191
36857,12,2,181
37253,2,2,193
37313,6,2,193
38273,10,2,193
38873,6,2,197
39857,8,2,199
40577,12,2,191
42953,14,2,163
44273,14,2,167
44537,4,2,211
44777,8,2,211
50753,10,2,223
50909,8,3,37
51593,6,2,227
52457,4,2,229
52553,10,2,227
52697,8,2,229
53633,14,2,193
54293,2,2,233
55313,10,2,233
58337,8,2,241
59051,1,10,3
59053,2,10,3
59113,6,10,3
59561,9,10,3
65563,16,3,3
65617,16,4,3
65657,16,2,11
66161,16,4,5
66377,16,2,29
67073,10,2,257
67217,16,2,41
67723,16,7,3
67733,16,3,13
69233,6,2,263
69257,16,2,61
70969,11,3,41
71777,16,2,79
72617,8,2,269
76733,2,2,277
77417,16,2,109
78157,5,7,5
78977,4,2,281
80153,6,2,283
80173,11,7,5
80177,16,4,11
83537,4,4,17
83777,8,4,17
84857,16,2,139
85853,2,2,293
88337,16,2,151
93113,14,2,277
94253,2,2,307
95273,10,2,307
95327,16,3,31
95891,14,3,43
96737,4,2,311
97577,16,2,179
97973,2,2,313
98297,16,2,181
98993,10,2,313
100493,2,2,317
101513,10,2,317
102233,14,2,293
103951,7,3,47
105137,16,2,199
105871,11,3,47
113657,12,2,331
114593,10,2,337
116189,16,3,37
117977,16,2,229
118673,10,6,7
120413,2,2,347
120473,6,2,347
124673,6,2,353
125897,12,2,349
129953,14,2,337
130337,4,4,19
132403,17,3,11
134033,14,6,7
134417,12,4,19
134753,6,2,367
137633,17,8,3
138977,16,2,271
139133,2,2,373
143239,17,3,23
144497,16,2,281
145043,16,3,43
149057,16,4,17
151337,4,2,389
155461,17,3,29
158633,10,2,397
160817,4,2,401
161053,1,5,11
161059,3,5,11
161563,9,5,11
162257,16,2,311
167537,8,2,409
169243,13,5,11
173993,14,2,397
177211,6,11,3
177257,4,2,421
179657,12,2,419
181243,12,11,3
187337,16,2,349
190121,17,10,3
192737,4,2,439
192977,8,2,439
196817,12,2,439
197273,10,2,443
203873,14,2,433
205507,7,3,59
212633,14,2,443
212777,8,2,461
214373,2,2,463
214433,6,2,463
215393,10,2,463
216617,12,2,461
226337,16,2,401
234473,14,2,467
237173,2,2,487
237233,6,2,487
241337,8,2,491
245177,12,2,491
249017,4,2,499
249257,8,2,499
251297,16,2,431
253013,2,2,503
253553,14,2,487
262153,18,2,3
262193,18,2,7
262313,18,2,13
262387,18,5,3
262433,18,2,17
263513,18,2,37
264331,18,7,3
264353,18,2,47
266633,18,2,67
269393,14,2,503
271553,18,2,97
279857,4,4,23
279949,17,3,53
280097,8,4,23
280913,18,2,137
283937,12,4,23
290033,18,2,167
292517,16,3,61
299213,2,2,547
299393,18,2,193
300233,10,2,547
300779,4,3,67
300953,18,2,197
308219,17,11,3
310313,6,2,557
315593,14,2,547
321193,18,10,3
324617,16,2,509
326057,4,2,571
326633,14,2,557
332933,2,2,577
332993,6,2,577
336977,16,2,521
342233,18,2,283
347993,18,2,293
349313,14,2,577
351653,2,2,593
357913,1,3,71
360953,14,2,587
361217,4,2,601
362633,18,2,317
362897,12,2,599
365297,12,2,601
366103,13,3,71
368453,2,2,607
368513,6,2,607
371549,8,5,13
375773,2,2,613
375833,6,2,613
376793,10,2,613
380753,6,2,617
381713,10,2,617
382553,18,2,347
383417,8,2,619
387677,14,5,13
389273,8,3,73
389297,16,2,569
392153,14,2,613
394721,12,8,5
396833,18,2,367
397073,14,2,617
398417,8,2,631
405401,14,3,73
414977,12,2,641
419753,18,2,397
426737,16,2,601
427433,10,2,653
434297,4,2,659
438377,12,2,659
448697,16,2,619
458333,2,2,677
459353,10,2,677
466553,6,2,683
470993,18,2,457
476513,18,2,463
477497,4,2,691
481577,12,2,691
482873,14,2,683
491417,4,2,701
493043,2,3,79
502937,8,2,709
515153,18,2,503
516977,4,2,719
517217,8,2,719
524369,19,4,3
524413,19,3,5
525017,19,6,3
531457,4,12,3
531569,7,12,3
535673,18,2,523
539633,13,12,3
543017,16,2,691
543971,19,9,3
546137,4,2,739
548677,19,3,29
552053,2,2,743
552113,6,2,743
553073,10,2,743
564017,4,2,751
564257,8,2,751
568097,12,2,751
568433,14,2,743
571789,1,3,83
579113,18,2,563
583337,19,10,3
591377,4,2,769
593209,19,3,41
595073,18,2,577
596977,16,12,3
597593,6,2,773
611657,16,2,739
619373,2,2,787
620393,10,2,787
629537,16,2,751
630593,18,2,607
642833,18,2,617
662513,17,12,3
674057,4,2,821
675593,18,2,643
677333,2,2,823
683933,2,2,827
685339,19,5,11
691337,12,2,829
704177,8,2,839
705097,7,3,89
708017,12,2,839
715073,18,2,673
723257,16,2,811
727613,2,2,853
727673,6,2,853
735473,10,2,857
737897,4,2,859
744833,6,2,863
761153,14,2,863
776177,4,2,881
779693,2,2,883
780257,12,2,881
786833,6,2,887
787793,10,2,887
803417,16,2,859
814193,18,2,743
822713,6,2,907
823547,2,7,7
823799,8,7,7
827639,12,7,7
830177,8,2,911
841697,16,2,881
882199,19,3,71
885497,4,2,941
885737,8,2,941
895457,16,2,911
908213,2,2,953
910097,16,2,919
912929,8,3,97
929057,14,3,97
935093,2,2,967
936113,10,2,967
942857,4,2,971
943097,8,2,971
966293,2,2,983
966353,6,2,983
978209,16,3,97
982097,4,2,991
982337,8,2,991
986177,12,2,991
989753,18,2,853
994013,2,2,997
994073,6,2,997
1018097,4,2,1009
1018337,8,2,1009
1030429,7,3,101
1032349,11,3,101
1038617,8,2,1019
1048601,20,2,5
1048919,20,3,7
1049201,20,4,5
1049537,20,2,31
1050773,20,3,13
1050977,20,4,7
1053617,20,2,71
1055137,20,8,3
1062977,4,2,1031
1064201,20,6,5
1067057,12,2,1031
1068113,10,2,1033
1068259,20,9,3
1070777,20,2,149
1071377,20,2,151
1078367,20,3,31
1079777,8,2,1039
1081337,20,2,181
1083473,14,2,1033
1084793,18,2,907
1085687,18,7,7
1092731,2,3,103
1093751,10,3,103
1108697,12,2,1051
1111577,20,2,251
1127537,20,2,281
1128497,16,2,1031
1142777,4,2,1069
1145057,16,2,1039
1146857,12,2,1069
1158263,16,3,103
1158953,18,2,947
1165937,16,2,1049
1170137,16,2,1051
1178897,20,4,19
1181573,2,2,1087
1181633,6,2,1087
1182593,10,2,1087
1195673,10,2,1093
1197953,14,2,1087
1208297,16,2,1069
1219793,14,2,1097
1225723,20,11,3
1225817,20,2,421
1229257,19,3,89
1229897,4,2,1109
1247693,2,2,1117
1250177,20,2,449
1261133,2,2,1123
1289657,20,2,491
1295033,2,3,109
1328417,20,4,23
1328897,12,2,1151
1329233,18,2,1033
1341257,20,2,541
1349339,20,3,67
1353593,10,2,1163
1374617,20,2,571
1375337,12,2,1171
1394777,4,2,1181
1409033,6,2,1187
1420369,9,5,17
1431737,20,2,619
1442657,8,2,1201
1442899,1,3,113
1443713,18,2,1087
1459457,20,2,641
1471433,6,2,1213
1481153,6,2,1217
1487753,14,2,1213
1496753,10,2,1223
1512113,14,2,1223
1514537,12,2,1229
1515377,4,2,1231
1515617,8,2,1231
1530173,2,2,1237
1530233,6,2,1237
1554589,19,3,101
1560257,8,2,1249
1564097,12,2,1249
1573969,17,3,113
1580897,16,2,1231
1591553,18,2,1153
1594331,3,13,3
1594339,4,13,3
1594387,6,13,3
1594451,7,13,3
1646153,6,2,1283
1650617,16,2,1259
1683233,10,2,1297
1692857,8,2,1301
1696697,12,2,1301
1697873,6,2,1303
1698833,10,2,1303
1727057,16,2,1289
1743233,18,2,1217
1745057,4,2,1321
1745297,8,2,1321
1752497,20,2,839
1777313,14,2,1327
1786457,20,2,859
1792313,18,2,1237
1810577,16,2,1321
1837097,16,6,11
1868693,2,2,1367
1868753,6,2,1367
1874177,4,4,37
1874417,8,4,37
1878257,12,4,37
1886153,10,2,1373
1911617,20,2,929
1944353,18,2,1297
1953157,5,9,5
1953253,7,9,5
1961249,20,3,97
1972097,20,4,31
1985537,8,2,1409
2022737,16,2,1399
2024933,2,2,1423
2030657,20,2,991
2036393,6,2,1427
2037353,10,2,1427
2042297,8,2,1429
2048639,8,3,127
2049407,10,3,127
2050817,16,2,1409
2053553,6,2,1433
2064767,14,3,127
2070737,4,2,1439
2074817,12,2,1439
2093813,2,2,1447
2100277,21,5,5
2103713,21,8,3
2105417,4,2,1451
2128697,4,2,1459
2132777,12,2,1459
2147273,18,2,1373
2167937,12,2,1471
2170937,16,2,1451
2191337,20,2,1069
2200313,10,2,1483
2211233,6,2,1487
2215673,14,2,1483
2221217,12,2,1489
2229113,6,2,1493
2247257,8,2,1499
2248123,5,3,131
2258203,21,5,11
2283137,4,2,1511
2283377,8,2,1511
2319533,2,2,1523
2319593,6,2,1523
2320553,10,2,1523
2335913,14,2,1523
2380853,2,2,1543
2412833,10,2,1553
2434577,12,2,1559
2455553,6,2,1567
2464937,16,2,1549
2476163,6,5,19
2477413,19,9,5
2497337,12,2,1579
2506913,10,2,1583
2533577,16,2,1571
2551433,10,2,1597
2563217,4,2,1601
2563937,20,2,1231
2581673,18,2,1523
2588897,4,2,1609
2601773,2,2,1613
2602793,10,2,1613
2608577,20,2,1249
2627657,4,2,1621
2627897,8,2,1621
2628737,16,2,1601
2642993,18,2,1543
2647133,2,2,1627
2647193,6,2,1627
2663513,14,2,1627
2679773,2,2,1637
2693177,16,2,1621
2702003,14,3,139
2738243,18,5,19
2762033,14,2,1657
2766593,10,2,1663
2785577,4,2,1669
2788337,20,2,1319
2812553,18,2,1597
2825777,4,4,41
2851097,16,2,1669
2879873,6,2,1697
2922737,20,4,37
2924777,12,2,1709
2955737,20,2,1381
2968733,2,2,1723
2985113,14,2,1723
3003353,6,2,1733
3031337,8,2,1741
3052073,6,2,1747
3068393,14,2,1747
3073013,2,2,1753
3074033,10,2,1753
3095641,19,3,137
3096617,16,2,1741
3096959,20,3,127
3128393,18,2,1693
3177257,20,2,1459
3194393,10,2,1787
3230873,18,2,1723
3241937,20,2,1481
3265433,18,2,1733
3279737,4,2,1811
3279977,8,2,1811
3283817,12,2,1811
3308077,7,3,149
3309997,11,3,149
3324353,10,2,1823
3356657,12,2,1831
3427793,14,2,1847
3441233,18,2,1783
3443207,8,3,151
3479057,20,2,1559
3485753,6,2,1867
3486713,10,2,1867
3500897,8,2,1871
3502073,14,2,1867
3509153,10,2,1873
3517009,21,5,17
3528857,16,2,1861
3541817,20,2,1579
3566177,16,2,1871
3568337,4,2,1889
3568577,8,2,1889
3572417,12,2,1889
3614057,8,2,1901
3633857,16,2,1889
3729017,8,2,1931
3732857,12,2,1931
3747833,18,2,1867
3785273,18,2,1877
3798857,8,2,1949
3810497,12,2,1951
3864137,16,2,1949
3870149,8,3,157
3874337,20,4,41
3893753,10,2,1973
3948173,2,2,1987
3949193,10,2,1987
3972113,6,2,1993
3988073,6,2,1997
3988433,14,2,1993
3996017,4,2,1999
4004393,14,2,1997
4012013,2,2,2003
4068353,6,2,2017
4116857,4,2,2029
4120937,12,2,2029
4125113,14,2,2027
4142657,20,2,1759
4194329,22,2,5
4194353,22,2,7
4195033,22,6,3
4196513,22,2,47
4198793,22,2,67
4199633,22,2,73
4209929,22,6,5
4210433,22,2,127
4211111,22,5,7
4213073,22,2,137
4215833,10,2,2053
4220873,22,2,163
4223057,16,2,2039
4231553,22,2,193
4233113,22,2,197
4245833,22,2,227
4249097,20,2,1789
4274393,22,2,283
4280153,22,2,293
4284857,12,2,2069
4292273,22,2,313
4328993,22,2,367
4330763,4,3,163
4334657,12,2,2081
4340993,22,2,383
4355573,2,2,2087
4364177,8,2,2089
4390553,22,2,443
4396097,16,2,2081
4396283,16,3,163
4409897,12,2,2099
4412393,22,2,467
4429457,16,2,2089
4467377,20,4,43
4467833,22,2,523
4481153,14,2,2113
4493513,22,2,547
4527233,22,2,577
4532657,4,2,2129
4567793,10,2,2137
4583321,22,3,73
4592453,2,2,2143
4606697,16,2,2131
4608833,14,2,2143
4612913,22,2,647
4617713,18,2,2087
4635473,6,2,2153
4649417,16,2,2141
4659511,11,3,167
4662377,20,2,1901
4767353,22,2,757
4782971,1,14,3
4782977,3,14,3
4783993,10,14,3
4813577,16,2,2179
4813673,22,2,787
4826813,2,6,13
4847177,20,2,1949
4853273,6,2,2203
4854233,10,2,2203
4871873,10,2,2207
4878233,22,2,827
4879937,8,4,47
4897553,18,2,2153
4921913,22,2,853
4939073,22,2,863
5013137,4,2,2239
5013377,8,2,2239
5016953,22,2,907
5020553,14,2,2237
5044577,20,2,1999
5045113,18,14,3
5071097,12,2,2251
5091113,22,2,947
5115353,18,2,2203
5132537,16,2,2251
5132993,18,2,2207
5152457,12,2,2269
5155673,14,2,2267
5159513,18,2,2213
5160593,22,2,983
5165417,20,2,2029
5177719,1,3,173
5182913,14,2,2273
5258873,10,2,2293
5287031,22,3,103
5308789,17,3,173
5324273,22,2,1063
5388953,22,2,1093
5397713,22,2,1097
5401433,18,2,2267
5406257,16,2,2311
5412497,20,2,2089
5428673,18,2,2273
5442893,2,2,2333
5443913,10,2,2333
5454377,20,2,2099
5471177,8,2,2339
5480297,4,2,2341
5489333,22,3,109
5509433,10,2,2347
5524793,14,2,2347
5571833,14,2,2357
5581217,20,2,2129
5617553,22,2,1193
5650133,2,2,2377
5650193,6,2,2377
5705033,18,2,2333
5711417,12,2,2389
5718497,20,2,2161
5734697,16,2,2381
5735467,7,3,179
5742833,14,2,2393
5764817,4,8,7
5768897,12,8,7
5770553,18,2,2347
5817593,18,2,2357
5870993,6,2,2423
5876513,22,2,1297
5892113,22,2,1303
5939033,6,2,2437
5939993,10,2,2437
5940833,18,2,2383
5962577,12,2,2441
5987873,6,2,2447
5988833,10,2,2447
5995277,16,3,181
6024017,16,2,2441
6046697,4,2,2459
6061697,20,2,2239
6062993,22,2,1367
6087113,10,2,2467
6135533,2,2,2477
6135593,6,2,2477
6196937,20,2,2269
6219233,22,2,1423
6230633,22,2,1427
6249953,18,2,2447
6251537,20,2,2281
6266033,10,2,2503
6348233,18,2,2467
6355457,4,2,2521
6359537,12,2,2521
6380057,20,2,2309
6405473,22,2,1487
6436351,3,5,23
6438391,11,5,23
6446777,8,2,2539
6466853,2,2,2543
6483233,14,2,2543
6538313,6,2,2557
6651497,8,2,2579
6670403,22,5,19
6755897,20,2,2389
6776753,22,2,1607
6800393,18,2,2557
6806897,4,2,2609
6807137,8,2,2609
6841433,22,2,1627
6861497,20,2,2411
6865073,14,2,2617
6932693,2,2,2633
6933713,10,2,2633
6935177,16,2,2621
6967903,5,3,191
6967999,7,3,191
6973193,22,2,1667
7007633,10,2,2647
7022993,14,2,2647
7060553,22,2,1693
7070537,8,2,2659
7076033,14,2,2657
7091633,6,2,2663
7092593,10,2,2663
7098943,17,3,191
7107953,14,2,2663
7134497,8,2,2671
7138337,12,2,2671
7163033,22,2,1723
7190081,10,3,193
7194833,18,2,2633
7198553,6,2,2683
7214873,14,2,2683
7219973,2,2,2687
7220033,6,2,2687
7234817,12,2,2689
7236353,14,2,2687
7246313,22,2,1747
7252253,2,2,2693
7254593,16,3,193
7268633,14,2,2693
7284617,4,2,2699
7447697,8,2,2729
7462457,12,2,2731
7482113,18,2,2687
7495097,20,2,2539
7512977,16,2,2729
7517633,22,2,1823
7579073,6,2,2753
7589993,18,2,2707
7605713,22,2,1847
7645501,7,3,197
7657313,10,2,2767
7679993,22,2,1867
7702433,22,2,1873
7711733,2,2,2777
7717433,22,2,1877
7778777,8,2,2789
7793777,12,2,2791
7841153,18,2,2753
7853873,22,2,1913
7855217,16,2,2791
7894577,12,4,53
7946777,4,2,2819
7950857,12,2,2819
8025893,2,2,2833
8026913,10,2,2833
8049593,10,2,2837
8082653,2,2,2843
8118857,20,2,2659
8118953,18,2,2803
8128217,4,2,2851
8162513,6,2,2857
8163473,10,2,2857
8169661,19,3,197
8193737,16,2,2851
8250857,16,2,2861
8288897,8,2,2879
8292737,12,2,2879
8310713,18,2,2837
8334773,2,2,2887
8335793,10,2,2887
8344793,18,2,2843
8388617,23,2,3
8388733,23,3,5
8389939,23,3,11
8393633,10,2,2897
8398097,20,2,2711
8408993,14,2,2897
8424593,18,2,2857
8427413,2,2,2903
8457529,23,3,41
8462537,8,2,2909
8496017,20,2,2729
8506937,20,2,2731
8508893,2,2,2917
8527817,16,2,2909
8568353,10,2,2927
8583713,14,2,2927
8605577,20,2,2749
8641817,12,2,2939
8654753,18,2,2897
8689553,18,2,2903
8703257,16,2,2939
8736593,14,2,2953
8743853,2,2,2957
8743913,6,2,2957
8746519,23,3,71
8771033,18,2,2917
8780393,10,2,2963
8795753,14,2,2963
8829713,22,2,2153
8830937,12,2,2971
8838257,20,2,2791
8939057,20,4,53
8982353,18,2,2953
8994017,4,2,2999
9021113,22,6,13
9047513,22,2,2203
9114377,4,2,3019
9138533,2,2,3023
9154913,14,2,3023
9179897,16,2,3019
9223373,2,2,3037
9224393,10,2,3037
9225353,22,2,2243
9239753,14,2,3037
9247937,8,2,3041
9300497,12,2,3049
9313217,16,2,3041
9369977,8,2,3061
9400673,18,2,3023
9418909,23,3,101
9424673,22,2,2287
9480257,4,2,3079
9484337,12,2,3079
9485513,18,2,3037
9510857,20,2,2909
9521273,14,2,3083
9541937,4,2,3089
9702713,22,2,2347
9728177,4,2,3119
9728417,8,2,3119
9731417,16,2,3109
9744737,12,2,3121
9765629,2,10,5
9793697,16,2,3119
9840833,6,2,3137
9857153,14,2,3137
9863537,20,2,2969
9875417,20,2,2971
10004573,2,2,3163
10030913,10,2,3167
10042817,8,2,3169
10046657,12,2,3169
10108097,16,2,3169
10114697,20,2,3011
10157033,6,2,3187
10162937,20,2,3019
10182737,8,2,3191
10184297,16,2,3181
10186577,12,2,3191
10259273,6,2,3203
10260233,10,2,3203
10275593,14,2,3203
10292033,18,2,3167
10301777,12,2,3209
10329833,22,2,2477
10341733,23,9,5
10349153,6,2,3217
10375097,8,2,3221
10426697,8,2,3229
10491977,16,2,3229
10590497,20,2,3089
10609073,10,2,3257
10611233,18,2,3217
10621097,4,2,3259
10625177,12,2,3259
10789217,20,2,3121
10896617,4,2,3301
10900697,12,2,3301
10948937,16,2,3299
10959961,23,3,137
11015777,4,2,3319
11042393,6,2,3323
11082257,4,2,3329
11082497,8,2,3329
11086337,12,2,3329
11089823,8,3,223
11095817,8,2,3331
11161097,16,2,3331
11167337,20,2,3181
11175653,2,2,3343
11175713,6,2,3343
11192033,14,2,3343
11300417,12,2,3361
11348417,16,2,3359
11360633,22,2,2677
11363897,8,2,3371
11437793,18,2,3343
11464553,18,2,3347
11522153,22,2,2707
11607653,2,2,3407
11608673,10,2,3407
11617577,20,2,3251
11669657,20,2,3259
11697211,7,3,227
11773313,22,2,2753
11785493,2,2,3433
11786513,10,2,3433
11801873,14,2,3433
11910713,18,2,3413
11945177,20,2,3301
11950853,2,2,3457
11951873,10,2,3457
11982617,12,2,3461
11992373,2,2,3463
11992433,6,2,3463
12010013,10,3,229
12044057,16,2,3461
12117377,4,4,59
12121457,12,4,59
12220193,22,2,2833
12221371,19,3,227
12247097,12,2,3499
12282233,18,2,3467
12327377,8,2,3511
12344897,20,2,3361
12356753,22,2,2857
12586913,22,2,2897
12590057,16,2,3539
12604217,16,2,3541
12652253,2,2,3557
12703193,22,2,2917
12744233,18,2,3533
12780409,17,3,233
12823817,8,2,3581
12837893,2,2,3583
12837953,6,2,3583
12838913,10,2,3583
12854273,14,2,3583
12909653,2,2,3593
12914393,18,2,3557
12914513,22,2,2953
12926033,14,2,3593
12944177,20,2,3449
13026833,14,2,3607
13027097,20,2,3461
13082753,6,2,3617
13165937,20,4,59
13171577,23,14,3
13184177,4,2,3631
13228793,10,2,3637
13332833,22,2,3023
13417673,22,2,3037
13476497,8,2,3671
13489913,18,2,3637
13490993,6,2,3673
13491953,10,2,3673
13502417,20,2,3529
13507313,14,2,3673
13520333,2,2,3677
13533593,18,2,3643
13623737,8,2,3691
13652047,7,3,239
13653967,11,3,239
13689017,16,2,3691
13701497,12,2,3701
13756697,4,2,3709
13760777,12,2,3709
13822217,16,2,3709
13835057,12,2,3719
13845857,4,4,61
13872137,20,2,3581
13935293,2,2,3733
13936313,10,2,3733
13980377,8,2,3739
13997537,4,3,241
14149217,12,2,3761
14152673,18,2,3727
14190353,6,2,3767
14205377,4,2,3769
14284937,12,2,3779
14346377,16,2,3779
14348909,1,15,3
14348923,4,15,3
14357099,13,15,3
14365291,14,15,3
14387873,10,2,3793
14414443,16,15,3
14417213,2,2,3797
14436857,20,2,3659
14452433,18,2,3767
14462813,2,2,3803
14463833,10,2,3803
14479193,14,2,3803
14479979,17,15,3
14616353,10,2,3823
14745977,20,2,3701
14830457,8,2,3851
14845613,2,2,3853
14845673,6,2,3853
14861993,14,2,3853
14922773,2,2,3863
15032153,10,2,3877
15130553,22,2,3307
15253937,20,2,3769
15264713,6,2,3907
15293273,18,2,3877
15329417,20,2,3779
15342893,2,2,3917
15369953,22,2,3343
15389993,6,2,3923
15390953,10,2,3923
15526793,18,2,3907
15579833,10,2,3947
15605033,18,2,3917
15648617,20,2,3821
15801953,22,2,3407
15813283,5,3,251
15840953,18,2,3947
15842873,22,2,3413
15878777,20,2,3851
15916217,12,2,3989
15979793,22,2,3433
15999233,18,2,3967
16012097,12,2,4001
16033981,23,3,197
16110737,20,2,3881
16120553,14,2,4013
16172537,12,2,4021
16186673,22,2,3463
16217897,16,2,4019
16233977,16,2,4021
16366313,18,2,4013
16410857,8,2,4051
16485617,20,2,3929
16501337,20,2,3931
16589393,6,2,4073
16676393,22,2,3533
16703777,16,2,4079
16736297,4,2,4091
16740377,12,2,4091
16752653,2,2,4093
16752713,6,2,4093
16753673,10,2,4093
16769033,14,2,4093
16777337,24,2,11
16777577,24,2,19
16778897,24,2,41
16779403,24,7,3
16794023,24,5,7
16794377,24,2,131
16809257,24,2,179
16809977,24,2,181
16849577,24,2,269
16850657,24,2,271
16851473,18,2,4073
16873937,24,2,311
16886777,24,2,331
16900337,4,2,4111
16952777,24,2,419
16954363,24,11,3
16962977,24,2,431
17006657,24,2,479
17018297,24,2,491
17048513,14,2,4127
17057057,24,4,23
17081693,2,2,4133
17103257,24,2,571
17131337,4,2,4139
17131577,8,2,4139
17204753,22,2,3607
17217017,20,2,4021
17247413,2,2,4153
17280713,6,2,4157
17294177,24,2,719
17297297,4,2,4159
17362817,16,2,4159
17459177,20,2,4051
17465753,22,2,3643
17481137,24,2,839
17484497,24,4,29
17498881,19,3,257
17509553,18,2,4153
17553377,24,2,881
17621777,24,2,919
17700737,24,4,31
17732777,8,2,4211
17840177,24,2,1031
17856737,24,2,1039
17881817,24,2,1051
17884457,4,2,4229
17888537,12,2,4229
17905457,12,2,4231
17919977,24,2,1069
17967497,24,2,1091
17986337,8,2,4241
18051617,16,2,4241
18051857,24,2,1129
18089033,10,2,4253
18156137,4,2,4261
18156377,8,2,4261
18171977,24,2,1181
18191449,1,3,263
18265193,18,2,4243
18274913,14,2,4273
18292577,24,2,1231
18344093,2,2,4283
18350153,18,2,4253
18362297,24,2,1259
18371539,24,13,3
18395537,4,2,4289
18395777,8,2,4289
18438737,24,2,1289
18461057,16,2,4289
18465233,10,2,4297
18480593,14,2,4297
18651377,24,4,37
18726353,18,2,4297
18781097,20,2,4211
18810593,10,2,4337
18826937,4,2,4339
18847937,24,2,1439
18848537,20,2,4219
18917897,12,2,4349
18933017,20,2,4229
18983513,6,2,4357
18994337,24,2,1489
19035833,6,2,4363
19052153,14,2,4363
19123133,2,2,4373
19139513,14,2,4373
19187657,20,2,4259
19204697,20,2,4261
19245257,24,2,1571
19245593,18,2,4357
19270457,24,2,1579
19284977,12,2,4391
19385273,18,2,4373
19487683,9,7,11
19489219,11,7,11
19563953,10,2,4423
19618243,17,7,11
19792193,14,2,4447
19808297,24,2,1741
19811417,4,2,4451
19811657,8,2,4451
19875497,20,2,4339
19881233,14,2,4457
20079377,4,2,4481
20097293,2,2,4483
20098313,10,2,4483
20113673,14,2,4483
20187113,6,2,4493
20188073,10,2,4493
20218313,22,2,4003
20383553,14,2,4513
20403293,2,2,4517
20403353,6,2,4517
20457533,2,2,4523
20458553,10,2,4523
20511157,3,5,29
20511661,9,5,29
20575193,18,2,4507
20575817,24,2,1949
20665433,18,2,4517
20675273,6,2,4547
20771057,20,2,4441
20773217,24,2,1999
20806817,12,2,4561
20857553,6,2,4567
20859977,20,2,4451
20868257,16,2,4561
20946953,22,2,4093
20951087,20,3,271
21003893,2,2,4583
21004913,10,2,4583
21107777,24,2,2081
21133433,10,2,4597
21141137,24,2,2089
21142817,16,2,4591
21183017,24,2,2099
21188633,10,2,4603
21253937,2,3,277
21254957,10,3,277
21266033,18,2,4583
21318377,24,2,2131
21353897,8,2,4621
21361097,24,2,2141
21441713,22,2,4153
21447137,24,2,2161
21474953,22,2,4157
21557453,2,2,4643
21613457,8,2,4649
21631817,4,2,4651
21710057,24,2,2221
21759953,14,2,4663
21844217,24,2,2251
21925577,24,2,2269
21949793,18,2,4657
22071017,16,2,4691
22117937,24,2,2311
22118273,6,2,4703
22119233,10,2,4703
22188073,5,3,281
22190089,11,3,281
22197353,22,2,4243
22287857,4,2,4721
22304417,24,2,2351
22363697,8,2,4729
22380353,18,2,4703
22402217,20,2,4621
22532417,24,2,2399
22576097,12,2,4751
22648337,8,2,4759
22661777,20,2,4649
22665191,2,3,283
22666211,10,3,283
22712329,19,3,281
22823897,24,2,2459
22877093,2,2,4783
22941617,20,2,4679
22972853,2,2,4793
22972913,6,2,4793
23049617,4,2,4801
23049857,8,2,4801
23095937,16,2,4799
23115137,16,2,4801
23165993,10,2,4813
23183177,24,2,2531
23203493,2,2,4817
23527913,22,2,4397
23584097,24,2,2609
23713763,20,3,283
23730737,12,2,4871
23902577,8,2,4889
23970113,22,2,4447
24007937,24,2,2689
24039473,6,2,4903
24047273,18,2,4877
24055793,14,2,4903
24059153,22,2,4457
24098177,20,2,4801
24137573,2,6,17
24153953,14,6,17
24235577,24,2,2731
24262097,16,2,4919
24291593,22,2,4483
24334217,24,2,2749
24334553,6,2,4933
24335513,10,2,4933
24374033,6,2,4937
24387137,20,2,4831
24433313,6,2,4943
24434273,10,2,4943
24561473,22,2,4513
24566897,24,2,2791
24571853,2,2,4957
24597593,22,2,4517
24671093,2,2,4967
24695393,18,2,4943
24723977,24,2,2819
24730793,6,2,4973
24870233,6,2,4987
24871193,10,2,4987
24905417,24,2,2851
24931073,10,2,4993
24950897,20,2,4889
24962537,24,2,2861
25030013,2,2,5003
25030073,6,2,5003
25046393,14,2,5003
25090097,4,2,5009
25114217,12,2,5011
25132313,18,2,4987
25155617,16,2,5009
25161949,13,3,293
25198193,22,2,4583
25214537,12,2,5021
25292153,18,2,5003
25381913,22,2,4603
25391777,8,2,5039
25411697,4,4,71
25411937,8,4,71
25414937,24,2,2939
25448237,22,3,277
25477217,16,4,71
25512857,8,2,5051
25593497,4,2,5059
25597577,12,2,5059
25739537,20,2,4969
25783217,24,2,3001
25792313,14,2,5077
25877573,2,2,5087
26020457,8,2,5101
26038073,18,2,5077
26065337,16,2,5099
26082473,10,2,5107
26139713,18,2,5087
26142773,2,2,5113
26159153,14,2,5113
26269697,16,2,5119
26404913,18,2,5113
26440097,20,2,5039
26443097,24,2,3109
26460257,20,4,71
26491613,2,2,5147
26553413,2,2,5153
26554433,10,2,5153
26714273,14,2,5167
26739497,8,2,5171
26822297,8,2,5179
26925737,4,2,5189
26959697,24,2,3191
26960033,18,2,5167
27009833,10,2,5197
27109673,22,2,4787
27152057,24,2,3221
27199217,16,2,5209
27252737,20,2,5119
27270953,18,2,5197
27363377,4,2,5231
27384353,6,2,5233
27743657,16,2,5261
27820913,14,2,5273
27867857,4,2,5279
27868097,8,2,5279
27872777,24,2,3331
27889217,8,2,5281
28058213,2,2,5297
28074593,14,2,5297
28122833,10,2,5303
28138193,14,2,5303
28262537,24,2,3389
28331873,22,6,17
28334333,2,2,5323
28402337,12,4,73
28528793,22,2,4933
28606793,14,2,5347
28629407,8,5,31
28703033,18,2,5333
28865393,22,2,4967
28934699,8,3,307
28955417,8,2,5381
28999979,16,3,307
29084513,6,2,5393
29124353,22,2,4993
29149457,8,2,5399
29252033,14,2,5407
29360273,14,2,5417
29365577,4,2,5419
29369657,12,2,5419
29443697,24,2,3559
29446817,20,4,73
29561297,16,2,5431
29681777,20,2,5351
29691617,4,2,5449
29695697,12,2,5449
29757137,16,2,5449
29997533,2,2,5477
30019697,8,2,5479
30063353,6,2,5483
30080233,1,3,311
30080359,7,3,311
30082279,11,3,311
30197777,20,2,5399
30261017,4,2,5501
30283013,2,2,5503
30283073,6,2,5503
30326537,16,2,5501
30327113,6,2,5507
30474617,24,2,3701
30481457,4,2,5521
30592217,8,2,5531
30664553,8,3,313
30809873,18,2,5527
30880253,2,2,5557
30892193,22,2,5167
30963353,14,2,5563
30982577,24,2,3769
31014017,8,2,5569
31058057,24,2,3779
31142393,18,2,5557
31147817,8,2,5581
31203113,22,2,5197
31259297,4,2,5591
31259537,8,2,5591
31263377,12,2,5591
31320473,18,2,5573
31324817,16,2,5591
31530017,20,2,5521
31618133,2,2,5623
31618193,6,2,5623
31620473,22,2,5237
31820897,4,2,5641
31886417,16,2,5641
31889633,10,2,5647
31937897,12,2,5651
31956473,6,2,5653
31999337,16,2,5651
32001653,2,2,5657
32024537,8,2,5659
32062337,20,2,5569
32135777,24,2,3919
32137577,4,2,5669
32150753,18,2,5647
32296493,2,2,5683
32296553,6,2,5683
32297513,10,2,5683
32615777,8,2,5711
32684153,6,2,5717
32685113,10,2,5717
32846897,20,2,5639
32869457,20,2,5641
32929553,14,2,5737
32929577,24,2,4019
32945657,24,2,4021
32959097,4,2,5741
33051017,4,2,5749
33128747,22,3,307
33244193,18,2,5743
33415457,24,2,4079
33535937,8,2,5791
33549977,20,2,5701
33623353,25,3,41
33655697,12,2,5801
33705233,18,2,5783
33721253,2,2,5807
33721313,6,2,5807
33759811,25,3,59
33791033,6,2,5813
33791993,10,2,5813
33884057,4,2,5821
33884297,8,2,5821
33954953,10,2,5827
33983393,18,2,5807
34074497,24,2,4159
34098017,12,2,5839
34157033,14,2,5843
34238297,12,2,5851
34299737,16,2,5851
34351337,4,2,5861
34402793,18,2,5843
34421693,2,2,5867
34425617,24,2,4201
34509737,24,2,4211
34521353,22,2,5507
34562657,4,2,5879
34562897,8,2,5879
34566737,12,2,5879
34577177,24,2,4219
34700177,20,2,5801
34763297,24,2,4241
34845413,2,2,5903
35081933,2,2,5923
35271737,4,2,5939
35282777,20,2,5851
35438213,2,2,5953
35439233,10,2,5953
35454593,14,2,5953
35691017,24,2,4349
35772617,8,2,5981
35860553,14,2,5987
36082913,22,2,5647
36100433,14,2,6007
36197657,16,2,6011
36216497,24,2,4409
36264707,4,3,331
36322457,24,2,4421
36349097,8,2,6029
36446393,10,2,6037
36490793,22,2,5683
36517913,6,2,6043
36566213,2,2,6047
36582593,14,2,6047
36638813,2,2,6053
36638873,6,2,6053
36655193,14,2,6053
36862381,25,3,149
36882353,10,2,6073
36897713,14,2,6073
36928337,24,4,67
37075937,4,2,6089
37141457,16,2,6089
37143473,18,2,6073
37176353,22,2,5743
37222217,4,2,6101
37579937,24,2,4561
37613753,6,2,6133
37614713,10,2,6133
37630913,18,2,6113
37834817,4,2,6151
37838897,12,2,6151
37875833,18,2,6133
37998953,14,2,6163
38106953,10,2,6173
38148233,22,2,5827
38270777,20,2,6101
38272757,2,3,337
38273777,10,3,337
38289137,14,3,337
38419193,14,2,6197
38431697,12,2,6199
38477213,2,2,6203
38478233,10,2,6203
38498753,22,2,5857
38576537,4,2,6211
38580617,12,2,6211
38637737,20,2,6131
38642057,16,2,6211
38651153,6,2,6217
38701097,8,2,6221
38865977,16,2,6229
38950097,4,4,79
38950337,8,4,79
38954177,12,4,79
39065057,24,2,4721
39166433,14,2,6257
39304457,12,2,6269
39325697,8,2,6271
39400733,2,2,6277
39400793,6,2,6277
39401753,10,2,6277
39526373,2,2,6287
39527393,10,2,6287
39826817,24,2,4801
39905513,10,2,6317
39920873,14,2,6317
39981353,10,2,6323
40158593,10,2,6337
40173953,14,2,6337
40278353,22,2,6007
40353611,2,9,7
40406537,24,2,4861
40466417,12,2,6361
40503857,24,2,4871
40522303,25,3,191
40527857,16,2,6361
40679537,24,2,4889
40691657,4,2,6379
40695737,12,2,6379
40725977,20,2,6299
40760513,22,2,6047
40819577,8,2,6389
40877273,18,2,6373
40937993,14,2,6397
41091977,24,2,4931
41468177,24,2,4969
41563073,22,2,6113
41568473,18,2,6427
41619497,12,2,6451
41655137,16,2,6449
41680937,16,2,6451
41807993,22,2,6133
41847977,4,2,6469
41916113,14,2,6473
41930753,22,2,6143
41987657,24,2,5021
42133097,4,2,6491
42176873,22,2,6163
42277817,20,2,6421
42306211,19,3,347
42370697,24,2,5059
42467057,22,3,337
42523457,4,2,6521
42588977,16,2,6521
42628097,8,2,6529
42663977,20,2,6451
42693377,16,2,6529
42863213,2,2,6547
42915617,4,2,6551
42919697,12,2,6551
43048769,11,16,3
43051937,20,2,6481
43089353,14,2,6563
43151777,4,2,6569
43219313,22,2,6247
43256933,2,2,6577
43309577,4,2,6581
43572017,20,2,6521
43612337,16,2,6599
43811177,4,2,6619
43876697,16,2,6619
44049833,6,2,6637
44066153,14,2,6637
44226617,20,2,6571
44342297,4,2,6659
44358137,20,2,6581
44368937,4,2,6661
44434457,16,2,6661
44524553,18,2,6653
44547911,22,9,7
44609297,8,2,6679
44613137,12,2,6679
44742977,8,2,6689
44746817,12,2,6689
44769497,4,2,6691
44903657,8,2,6701
44907497,12,2,6701
44930213,2,2,6703
44946593,14,2,6703
45010937,8,2,6709
45014777,12,2,6709
45076217,16,2,6709
45143873,21,16,3
45349673,14,2,6733
45417497,20,2,6661
45715217,12,2,6761
45738233,6,2,6763
45739193,10,2,6763
45951977,20,2,6701
45958937,12,2,6779
46000313,18,2,6763
46094033,22,2,6473
46144913,6,2,6793
46203769,25,3,233
46270327,11,3,359
46280813,2,2,6803
46280873,6,2,6803
46297193,14,2,6803
46399351,17,3,359
46542953,18,2,6803
46553333,2,2,6823
46553393,6,2,6823
46607933,2,2,6827
46608953,10,2,6827
46635497,8,2,6829
46700777,16,2,6829
46706273,14,2,6833
46709057,24,2,5471
46792567,19,3,359
46799297,4,2,6841
46815473,18,2,6823
46864817,16,2,6841
46952033,18,2,6833
47003417,20,2,6779
47019473,10,2,6857
47034833,14,2,6857
47045897,4,6,19
47046137,8,6,19
47111417,16,6,19
47183417,8,2,6869
47206351,25,3,239
47214737,12,2,6871
47369177,24,2,5531
47376713,10,2,6883
47596457,8,2,6899
47600297,12,2,6899
47661737,16,2,6899
47762177,8,2,6911
48427697,4,2,6959
48459617,12,2,6961
48493217,16,2,6959
48506897,20,4,83
48522953,18,2,6947
48598097,24,2,5641
48644777,20,2,6899
48678533,2,2,6977
48694913,14,2,6977
48711017,24,2,5651
48762353,6,2,6983
48763313,10,2,6983
48801497,24,2,5659
48860893,15,11,5
48958073,6,2,6997
48959033,10,2,6997
49124513,22,2,6703
49198553,14,2,7013
49266377,4,2,7019
49266617,8,2,7019
49430879,4,3,367
49431119,8,3,367
49527593,22,2,6733
49547777,8,2,7039
49581473,22,2,6737
49932473,22,2,6763
49974857,12,2,7069
50036297,16,2,7069
50112497,8,2,7079
50116337,12,2,7079
50174057,24,2,5779
50312897,24,2,5791
50339153,22,2,6793
50452613,2,2,7103
50453633,10,2,7103
50537897,4,2,7109
50603417,16,2,7109
50708657,4,2,7121
50871137,24,2,5839
50888177,16,2,7129
50988017,24,2,5849
51011417,24,2,5851
51136817,4,2,7151
51160817,20,2,7079
51255377,12,2,7159
51509333,2,2,7177
51653033,6,2,7187
51653993,10,2,7187
51745879,25,3,263
51871217,20,2,7129
51915113,18,2,7187
51940853,2,2,7207
51940913,6,2,7207
51957233,14,2,7207
52027433,6,2,7213
52028393,10,2,7213
52064057,16,2,7211
52113977,4,2,7219
52118057,12,2,7219
52258457,4,2,7229
52461113,6,2,7243
52519013,2,2,7247
52535393,14,2,7247
52607033,10,2,7253
52636313,18,2,7237
52733393,22,2,6967
52781153,18,2,7247
53041603,25,7,11
53262593,14,2,7297
53393273,10,2,7307
53573033,22,2,7027
53597057,4,2,7321
53601137,12,2,7321
53662577,16,2,7321
53743577,4,2,7331
53747657,12,2,7331
53772893,2,2,7333
53789273,14,2,7333
53999417,24,2,6101
54037457,8,2,7351
54073337,16,2,7349
54302177,4,2,7369
54439943,2,3,379
54792137,20,2,7331
54988457,16,2,7411
55250513,10,2,7433
55517417,4,2,7451
55577657,24,2,6229
55606853,2,2,7457
55727297,24,4,79
55847273,22,2,7187
55905593,6,2,7477
55906553,10,2,7477
55921913,14,2,7477
55965617,8,2,7481
56085137,4,2,7489
56089421,22,3,373
56135153,22,2,7207
56167673,18,2,7477
56221673,22,2,7213
56239097,12,2,7499
56300537,16,2,7499
56355053,2,2,7507
56355113,6,2,7507
56454617,24,2,6299
56479817,24,2,6301
56505353,6,2,7517
56689937,12,2,7529
56713313,22,2,7247
56800313,22,2,7253
56866697,4,2,7541
56866937,8,2,7541
56932217,16,2,7541
56957213,2,2,7547
56957273,6,2,7547
56987657,8,2,7549
57052937,16,2,7549
57068513,18,2,7537
57236393,22,2,7283
57366713,14,2,7573
57410933,2,2,7577
57410993,6,2,7577
57501893,2,2,7583
57518273,14,2,7583
57593177,8,2,7589
57596537,24,2,6389
57623537,8,2,7591
57658457,16,2,7589
57673073,18,2,7577
57764033,18,2,7583
57882833,14,2,7607
58067753,18,2,7603
58083737,12,2,7621
58354577,8,2,7639
58366817,24,2,6449
58392617,24,2,6451
58415453,2,2,7643
58507457,8,2,7649
58572737,16,2,7649
58634243,22,3,379
58641497,20,2,7589
58671857,20,2,7591
58708189,25,3,293
58863901,5,3,389
58872061,13,3,389
58874993,6,2,7673
58910297,24,2,6491
58997777,4,2,7681
59001857,12,2,7681
59063297,16,2,7681
59090033,6,2,7687
59137073,18,2,7673
59336213,2,2,7703
59552153,6,2,7717
59553113,10,2,7717
59598353,18,2,7703
59644733,2,2,7723
59722913,14,2,7727
59862137,20,2,7669
59928977,24,2,6569
60099833,22,2,7477
60109073,6,2,7753
60110033,10,2,7753
60171113,6,2,7757
60267617,16,2,7759
60371153,18,2,7753
60668537,4,2,7789
60672617,12,2,7789
60730853,2,2,7793
60731873,10,2,7793
60747233,14,2,7793
61105493,2,2,7817
61119497,24,2,6659
61358777,16,2,7829
61481297,4,2,7841
61670633,10,2,7853
62047133,2,2,7877
62060753,22,2,7607
62078897,8,2,7879
62082737,12,2,7879
62151833,18,2,7867
62246273,18,2,7873
62429897,12,2,7901
62488337,24,2,6761
62521673,10,2,7907
62570789,4,3,397
62571797,10,3,397
62587157,14,3,397
62714657,12,2,7919
62932553,6,2,7933
62995973,2,2,7937
63069233,22,2,7673
63099473,18,2,7927
63190697,12,2,7949
63258113,18,2,7937
63409373,2,2,7963
63410393,10,2,7963
63425753,14,2,7963
63619349,20,3,397
63671513,18,2,7963
63746393,22,2,7717
63797093,20,7,13
63839033,22,2,7723
64148177,12,2,8009
64180217,12,2,8011
64272353,6,2,8017
64288673,14,2,8017
64303313,22,2,7753
64483249,11,3,401
64625537,4,2,8039
65005489,19,3,401
65013017,16,2,8059
65393633,22,2,7823
65399573,2,2,8087
65400593,10,2,8087
65415953,14,2,8087
65496653,2,2,8093
65496713,6,2,8093
65497673,10,2,8093
65691737,16,2,8101
65863913,22,2,7853
65885753,6,2,8117
65983133,2,2,8123
65983193,6,2,8123
66043577,24,2,7019
66245273,18,2,8123
66335993,22,2,7883
66351137,20,2,8081
66373613,2,2,8147
66667457,16,2,8161
66699953,6,2,8167
66700913,10,2,8167
66900137,12,2,8179
66961577,16,2,8179
67092737,8,2,8191
67108913,26,2,7
67109033,26,2,13
67109593,26,6,3
67114193,26,2,73
67115723,26,3,19
67115753,26,2,83
67118273,26,2,97
67125671,26,5,7
67133513,26,2,157
67136753,26,2,167
67158593,26,2,223
67203113,26,2,307
67229273,26,2,347
67233473,26,2,353
67247993,26,2,373
67266473,26,2,397
67317713,26,2,457
67323233,26,2,463
67391777,12,2,8209
67425833,26,2,563
67441793,26,2,577
67477313,26,2,607
67485857,24,2,7121
67522313,26,2,643
67556057,12,2,8219
67575353,26,2,683
67601903,26,3,79
67650377,16,2,8221
67728233,26,2,787
67753457,12,2,8231
67782293,2,2,8233
67786193,26,2,823
67792793,26,2,827
67798673,14,2,8233
67848233,6,2,8237
67888553,26,2,883
68043953,26,2,967
68082353,22,2,7993
68135033,26,2,1013
68175953,26,2,1033
68290433,26,2,1087
68293553,14,2,8263
68369993,26,2,1123
68380457,12,2,8269
68403893,26,3,109
68434313,14,3,409
68438273,26,2,1153
68442533,2,2,8273
68589953,26,2,1217
68600537,20,2,8219
68604593,26,2,1223
68690753,14,2,8287
68740697,4,2,8291
68744777,12,2,8291
68774873,10,2,8293
68806217,16,2,8291
68993993,26,2,1373
69337913,26,2,1493
69409493,16,5,37
69434633,18,2,8317
69520673,26,2,1553
69593873,22,2,8087
69659273,26,2,1597
69755993,26,2,1627
69772613,2,2,8353
69773633,10,2,8353
69788633,26,2,1637
69939833,6,2,8363
70034753,18,2,8353
70040417,8,2,8369
70044257,12,2,8369
70079993,22,2,8117
70160873,26,2,1747
70177433,22,2,8123
70190513,14,2,8377
70287953,26,2,1783
70302233,26,2,1787
70341833,6,2,8387
70374257,24,2,7321
70375337,4,2,8389
70440857,16,2,8389
70520273,26,2,1847
70616993,26,2,1873
70785017,24,2,7349
70814417,24,2,7351
70879577,4,2,8419
71048297,8,2,8429
71057033,26,2,1987
71082017,8,2,8431
71113577,16,2,8429
71284313,6,2,8443
71613953,18,2,8447
71654057,16,2,8461
71675633,26,2,2137
71701313,26,2,2143
71952233,18,2,8467
72042473,22,2,8237
72294617,24,2,7451
72471473,22,2,8263
72472193,10,2,8513
72487553,14,2,8513
72664313,26,2,2357
72709733,2,2,8527
72742577,24,2,7481
72758993,26,2,2377
72835313,26,2,2393
72862337,24,2,7489
72880373,2,2,8537
72880433,6,2,8537
72896753,14,2,8537
72914537,4,2,8539
72950753,26,2,2417
72999233,14,2,8543
73034513,22,2,8297
73244393,26,2,2477
73325033,6,2,8563
73341353,14,2,8563
73366793,22,2,8317
73496333,2,2,8573
73497353,10,2,8573
73560061,1,3,419
73568251,13,3,419
73587113,18,2,8563
73691131,17,3,419
73908413,2,2,8597
73908473,6,2,8597
74084347,19,3,419
74114897,4,2,8609
74168513,26,2,2657
74328833,26,2,2687
74361113,26,2,2693
74441513,14,2,8627
74459897,8,2,8629
74525177,16,2,8629
74618273,18,2,8623
74670977,12,2,8641
74771633,10,2,8647
75047633,6,2,8663
75048593,10,2,8663
75290393,6,2,8677
75291353,10,2,8677
75306713,14,2,8677
75425297,16,2,8681
75443633,26,2,2887
75498737,4,2,8689
75508217,20,2,8629
75568253,2,2,8693
75568313,6,2,8693
75617753,26,2,2917
75676697,12,2,8699
75774977,24,2,7681
75829073,26,2,2953
75830393,18,2,8693
75916433,6,2,8713
76025057,12,2,8719
76051817,24,2,7699
76086497,16,2,8719
76230617,8,2,8731
76335173,2,2,8737
76405097,4,2,8741
76408337,20,2,8681
76515353,26,2,3067
76613753,26,2,3083
76755377,8,2,8761
76820657,16,2,8761
76877153,18,2,8753
76904033,22,2,8527
77069537,20,2,8719
77113433,26,2,3163
77136377,16,2,8779
77157473,14,2,8783
77457953,26,2,3217
77492873,6,2,8803
77579633,14,2,8807
77754953,18,2,8803
78052097,16,2,8831
78193457,16,2,8839
78198431,26,3,223
78308897,12,2,8849
78311273,26,2,3347
78370337,16,2,8849
78485993,26,2,3373
78552833,6,2,8863
78640073,14,2,8867
78716513,26,2,3407
78814913,18,2,8863
78855857,24,2,7879
78964913,22,2,8647
79117853,26,3,229
79128953,26,2,3467
79478153,26,2,3517
79487777,24,2,7919
79565897,20,2,8861
79619933,2,2,8923
79690073,26,2,3547
79727057,4,2,8929
79731137,12,2,8929
80062993,1,3,431
80124497,12,2,8951
80234993,26,2,3623
80479097,8,2,8971
80587279,19,3,431
80704313,22,2,8747
81018017,4,2,9001
81044153,26,2,3733
81047537,16,2,8999
81126113,6,2,9007
81775913,6,2,9043
81776873,10,2,9043
81884657,8,2,9049
81885977,24,2,8069
81888497,12,2,9049
81949937,16,2,9049
82030577,20,2,8999
82286873,22,2,8837
82382557,25,11,5
82403417,24,2,8101
82451753,26,2,3917
82687673,26,2,3947
82788257,20,2,9041
82864673,6,2,9103
82974137,8,2,9109
82977977,12,2,9109
83039417,16,2,9109
83303153,10,2,9127
83411693,2,2,9133
83412713,10,2,9133
83484833,6,2,9137
83501153,14,2,9137
83568113,26,2,4057
83673833,18,2,9133
83850653,2,2,9157
83861513,26,2,4093
83869697,24,2,8191
83928017,12,2,9161
83989457,16,2,9161
83992793,22,2,8933
84144953,10,2,9173
84291017,8,2,9181
84356297,16,2,9181
84400973,2,2,9187
84406073,18,2,9173
84526577,24,2,8231
84529673,22,2,8963
84620903,14,3,439
84621857,8,2,9199
84687137,16,2,9199
84695213,2,2,9203
84696233,10,2,9203
84789377,20,2,9151
84891953,26,2,4217
85026857,4,2,9221
85027097,8,2,9221
85320353,22,2,9007
85359377,8,2,9239
85367393,26,2,4273
85400177,12,2,9241
85424657,16,2,9239
85461617,16,2,9241
85670177,20,2,9199
85849937,24,2,8311
85918433,26,2,4337
86075417,20,2,9221
86121173,24,5,37
86137217,8,2,9281
86149457,24,2,8329
86174093,2,2,9283
86202497,16,2,9281
86359853,2,2,9293
86359913,6,2,9293
86621993,18,2,9293
86847857,12,2,9319
86918333,2,2,9323
86918393,6,2,9323
86934713,14,2,9323
86938339,5,3,443
87069379,17,3,443
87152537,24,2,8389
87179633,6,2,9337
87291713,6,2,9343
87308033,14,2,9343
87441713,18,2,9337
87512153,26,2,4517
87553793,18,2,9343
87566393,26,2,4523
87743297,20,2,9311
87819737,12,2,9371
87858977,24,2,8431
87928133,2,2,9377
87928193,6,2,9377
88190273,18,2,9377
88296473,26,2,4603
88302857,20,2,9341
88303673,6,2,9397
88338233,22,2,9173
88365737,24,2,8461
88416413,2,2,9403
88451599,23,3,431
88529297,4,4,97
88533377,12,4,97
88605593,10,2,9413
88620953,14,2,9413
88755257,4,2,9421
88945793,26,2,4673
88982513,10,2,9433
89239457,20,2,9391
89331833,22,2,9227
89415593,26,2,4723
89510777,8,2,9461
89514617,12,2,9461
89548373,2,2,9463
89625113,10,2,9467
89737733,2,2,9473
89851457,4,2,9479
89886233,18,2,9467
89886353,22,2,9257
89985953,26,2,4783
89992337,20,2,9431
90083177,12,2,9491
90193073,6,2,9497
90209393,14,2,9497
90257033,22,2,9277
90518881,5,3,449
90524657,16,2,9511
90649697,8,2,9521
90714977,16,2,9521
90894473,14,2,9533
90992537,4,2,9539
90992777,8,2,9539
91146233,10,2,9547
91161593,14,2,9547
91221857,8,2,9551
91246433,26,6,17
91287137,16,2,9551
91680713,26,2,4957
91910633,6,2,9587
92138873,26,2,5003
92183297,12,2,9601
92449817,24,2,8699
92590697,16,2,9619
92602193,6,2,9623
92717897,8,2,9629
92756177,4,2,9631
92987513,6,2,9643
92988473,10,2,9643
93107297,12,2,9649
93168737,16,2,9649
93249593,18,2,9643
93251633,26,2,5113
93600473,26,2,5147
93660713,14,2,9677
93687137,12,2,9679
93742673,22,2,9463
93806753,26,2,5167
93906473,18,2,9677
94458977,4,2,9719
94501937,12,2,9721
94563377,16,2,9721
94747673,14,2,9733
94763777,24,2,8831
94852217,12,2,9739
94913393,26,2,5273
95167073,26,2,5297
95230673,26,2,5303
95445017,10,3,457
95733497,16,2,9781
95786393,10,2,9787
96098813,2,2,9803
96255737,4,2,9811
96259817,12,2,9811
96373553,6,2,9817
96409433,26,2,5413
96492569,20,3,457
96604073,22,2,9613
96613337,12,2,9829
96687893,2,2,9833
96688913,10,2,9833
96718697,24,2,8941
96796433,22,2,9623
96805937,4,2,9839
96950033,18,2,9833
97042457,8,2,9851
97160513,6,2,9857
97181753,22,2,9643
97200137,8,2,9859
97304297,20,2,9811
97391873,26,2,5503
97422593,18,2,9857
97435913,26,2,5507
97436657,4,2,9871
97502177,16,2,9871
97657817,20,2,9829
97752773,2,2,9887
97752833,6,2,9887
97838633,22,2,9677
97935833,18,2,9883
98029817,4,2,9901
98090777,20,2,9851
98167193,26,2,5573
98300057,24,2,9029
98624777,4,2,9931
98690297,16,2,9931
98982617,4,2,9949
99269231,14,3,463
99405353,26,2,5683
99477113,14,2,9973
99603233,18,2,9967
99979673,22,2,9787
100031177,20,2,9949
100140113,6,2,10007
100741373,2,2,10037
100785617,12,2,10039
100830113,26,2,5807
100882193,22,2,9833
100899833,26,2,5813
101067977,24,2,9181
101223737,4,2,10061
101227817,12,2,10061
101228657,20,2,10009
101249513,26,2,5843
101345513,10,2,10067
101354753,22,2,9857
101385017,8,2,10069
101590337,12,2,10079
101651777,16,2,10079
101830097,20,2,10039
101832377,12,2,10091
101868713,6,2,10093
101869673,10,2,10093
101947073,22,2,9887
101954273,26,2,5903
102055337,16,2,10099
102086993,14,2,10103
102173297,24,2,9241
102238193,26,2,5927
102342953,22,2,9907
102433337,20,2,10069
102547073,26,2,5953
102677693,2,2,10133
102677753,6,2,10133
102799337,4,2,10139
102843977,12,2,10141
102864857,16,2,10139
102914177,24,2,9281
102953033,26,2,5987
103046897,12,2,10151
103192913,26,2,6007
103287593,10,2,10163
103412657,12,2,10169
103474097,16,2,10169
103548713,18,2,10163
103571333,2,2,10177
103572353,10,2,10177
103587713,14,2,10177
103833473,18,2,10177
103888457,20,2,10141
103898273,10,2,10193
103913633,14,2,10193
104060657,8,4,101
104181017,24,2,9349
104264777,8,2,10211
104334353,22,2,10007
104935673,22,2,10037
105001073,6,2,10247
105002033,10,2,10247
105251177,12,2,10259
105306497,24,4,97
105411353,6,2,10267
105412313,10,2,10267
105494777,24,2,9419
105538793,22,2,10067
105558977,16,2,10271
105586073,26,2,6203
106151873,6,2,10303
106152833,10,2,10303
106258913,26,2,6257
106264913,22,2,10103
106413953,18,2,10303
106523297,8,2,10321
106527137,12,2,10321
106542017,20,2,10271
106588577,16,2,10321
106729817,8,2,10331
106733657,12,2,10331
106770893,2,2,10333
106795097,16,2,10331
106853573,2,2,10337
106853633,6,2,10337
106854593,10,2,10337
106977653,2,2,10343
106994033,14,2,10343
107115713,18,2,10337
107239793,18,2,10343
107267453,2,2,10357
107516417,8,2,10369
107581697,16,2,10369
107765633,22,2,10177
107778137,20,2,10331
107976977,12,2,10391
108091553,22,2,10193
108139457,8,2,10399
108704033,22,2,10223
108722333,2,2,10427
108738713,14,2,10427
108829577,16,2,10429
108847493,2,2,10433
108847553,6,2,10433
109349873,10,2,10457
109474433,6,2,10463
109490753,14,2,10463
109494857,24,2,9629
109767533,2,2,10477
109768553,10,2,10477
109783913,14,2,10477
109910431,13,3,479
110275097,12,2,10501
110523233,6,2,10513
110539553,14,2,10513
110901977,4,2,10531
110965193,22,2,10333
111171953,22,2,10343
111275057,24,2,9721
111277577,20,2,10499
111492497,4,2,10559
111661493,2,2,10567
112039073,26,2,6703
112312793,14,2,10597
112385297,12,2,10601
112442153,26,2,6733
112524833,14,2,10607
112558553,18,2,10597
112635773,2,2,10613
112636793,10,2,10613
112897913,18,2,10613
112934153,10,2,10627
113018417,8,2,10631
113041793,22,2,10433
113083697,16,2,10631
113253713,26,2,6793
113443817,4,2,10651
113444057,8,2,10651
113447897,12,2,10651
113572673,10,2,10657
113617423,25,3,431
113662193,26,2,6823
113716793,26,2,6827
113819417,24,2,9851
114209633,26,2,6863
114212993,10,2,10687
114228353,14,2,10687
114363017,16,2,10691
114999113,14,2,10723
115197353,6,2,10733
115198313,10,2,10733
115362257,24,2,9929
115391657,16,2,10739
115501307,2,3,487
115501559,8,3,487
115855793,22,2,10567
116014697,8,2,10771
116160017,20,2,10729
116468057,16,2,10789
116539727,26,3,367
116702753,22,2,10607
117310577,4,2,10831
117456953,14,2,10837
117558737,24,2,10039
117658433,10,2,10847
117893873,22,2,10663
117917897,4,2,10859
117961577,8,2,10861
117979193,22,2,10667
118000937,24,2,10061
118092713,10,2,10867
118290847,23,3,479
118370773,1,3,491
118370899,7,3,491
118378963,13,3,491
118439753,6,2,10883
118501843,17,3,491
118570337,4,2,10889
118570577,8,2,10889
118614137,8,2,10891
118618193,26,2,7177
118635857,16,2,10889
118701833,18,2,10883
118767017,24,2,10099
118966457,20,2,10859
119137553,18,2,10903
119483033,26,2,7237
119569913,26,2,7243
119617973,2,2,10937
119634353,14,2,10937
119661977,8,2,10939
119695607,22,3,487
119714873,26,2,7253
119880857,8,2,10949
120072233,14,2,10957
120185777,24,2,10169
120423113,14,2,10973
120429977,24,2,10181
120538697,8,2,10979
120710297,20,2,10939
120837617,24,4,101
120846053,2,2,10993
120846113,6,2,10993
120847073,10,2,10993
120881753,26,2,7333
121082393,14,2,11003
121594793,6,2,11027
121981913,22,2,10853
122024297,24,2,10259
122037233,10,2,11047
122120753,26,2,7417
122273633,14,2,11057
122285993,22,2,10867
122298353,18,2,11047
122367017,16,2,11059
122523017,8,2,11069
122849273,14,2,11083
122922593,10,2,11087
123350057,20,2,11059
123498833,6,2,11113
123588713,10,2,11117
124267883,14,3,499
124300217,4,2,11149
124300457,8,2,11149
124519793,26,2,7577
124588817,16,2,11159
124601033,22,2,10973
124791497,8,2,11171
124835933,2,2,11173
124836953,10,2,11173
124852313,14,2,11173
124856777,16,2,11171
124916417,24,2,10399
124925393,6,2,11177
125260313,22,2,11003
125372813,2,2,11197
125571857,20,2,11159
125634953,18,2,11197
125731433,6,2,11213
125732393,10,2,11213
125839817,20,2,11171
125993513,18,2,11213
126198833,26,2,7687
126406073,10,2,11243
126421433,14,2,11243
126445073,26,2,7703
126451553,22,2,11057
126589097,12,2,11251
126667193,18,2,11243
126814217,12,2,11261
127215857,4,2,11279
127216097,8,2,11279
127263529,1,3,503
127342673,18,2,11273
127396433,6,2,11287
127658513,18,2,11287
127667417,4,2,11299
127679177,24,2,10531
127693073,22,2,11113
127732937,16,2,11299
127942817,12,2,11311
128074493,2,2,11317
128090873,14,2,11317
128350337,12,2,11329
128849297,12,2,11351
128890613,2,2,11353
128910737,16,2,11351
128998553,26,2,7867
129092993,26,2,7873
129119633,22,2,11177
129140227,6,17,3
129140419,8,17,3
129158417,24,2,10601
129250553,26,2,7883
129328097,24,4,103
129394817,20,2,11329
129402307,18,17,3
129679637,26,3,397
129795377,24,2,10631
130210937,4,2,11411
130484933,2,2,11423
130805993,10,2,11437
130996913,26,2,7993
131033813,2,2,11447
131033873,6,2,11447
131381153,26,2,8017
131526613,25,3,461
131583857,4,2,11471
131590673,22,2,11287
131859353,6,2,11483
131872231,1,3,509
131872261,5,3,509
132103337,24,2,10739
132181013,2,2,11497
132197393,14,2,11497
132443153,18,2,11497
132687617,8,2,11519
132791657,24,2,10771
133179737,24,2,10789
133482473,26,2,8147
134077337,12,2,11579
134274953,14,2,11587
134474177,20,2,11551
134491433,10,2,11597
134738537,24,2,10861
134891153,26,2,8233
134955713,10,2,11617
135047897,8,2,11621
135113177,16,2,11621
135386033,26,2,8263
135812051,27,13,3
135885653,2,2,11657
136147793,18,2,11657
136449857,12,2,11681
136452821,26,5,37
136866857,8,2,11699
137494337,20,2,11681
137961977,20,2,11701
138383537,20,2,11719
138591953,22,2,11593
138714113,14,2,11777
138745097,8,2,11779
138798953,26,2,8467
138839093,2,2,11783
138840113,10,2,11783
139148993,22,2,11617
139263617,4,2,11801
139263857,8,2,11801
139520993,22,2,11633
139736057,4,2,11821
139877993,6,2,11827
140019953,6,2,11833
140140073,18,2,11827
140161937,4,2,11839
140162177,8,2,11839
140227457,16,2,11839
140409377,24,2,11119
140654071,27,5,23
140730773,2,2,11863
140730833,6,2,11863
140731793,10,2,11863
140784617,20,2,11821
140826713,10,2,11867
141017273,26,2,8597
141300833,6,2,11887
141317153,14,2,11887
141428953,13,3,521
141538613,2,2,11897
141568457,24,2,11171
141943553,18,2,11903
142156433,26,2,8663
142157993,6,2,11923
142158953,10,2,11923
142253333,2,2,11927
142254353,10,2,11927
142397513,10,2,11933
142539977,8,2,11939
142587737,8,2,11941
142591577,12,2,11941
143017697,4,2,11959
143021777,12,2,11959
143136353,18,2,11953
143257217,8,2,11969
143304857,4,2,11971
143444033,26,2,8737
143587337,24,2,11261
143588297,20,2,11939
143636057,20,2,11941
143688173,2,2,11987
144066257,20,2,11959
144072233,22,2,11827
144104243,20,3,523
144168053,2,2,12007
144214193,22,2,11833
144249953,26,2,8783
144264377,8,2,12011
144329657,16,2,12011
144444617,24,2,11299
144672113,26,2,8807
144925073,22,2,11863
144985697,4,2,12041
145051217,16,2,12041
145123457,24,2,11329
145732913,22,2,11897
145917379,24,17,3
146019473,18,2,12073
146194313,26,2,8893
146338433,10,2,12097
146579453,2,2,12107
146590793,22,2,11933
146595833,14,2,12107
146631977,12,2,12109
146870177,4,2,12119
146870417,8,2,12119
146874257,12,2,12119
147008507,6,5,43
147444233,26,2,8963
147452453,2,2,12143
147856817,24,4,107
147894017,12,2,12161
147918737,20,2,12119
147938633,6,2,12163
148035893,2,6,23
148036913,10,6,23
148291601,26,3,433
148774337,24,2,11489
148913273,6,2,12203
149083673,22,2,12037
149108537,4,2,12211
149108777,8,2,12211
149112617,12,2,12211
149175353,18,2,12203
149464577,24,2,11519
149761673,18,2,12227
150136073,6,2,12253
150137033,10,2,12253
150202817,24,2,11551
150381173,2,2,12263
150528377,4,2,12269
150850457,24,2,11579
150888497,16,2,12281
150959513,26,2,9157
151019537,4,2,12289
151085057,16,2,12289
151135577,20,2,12251
151202747,22,5,43
151318697,12,2,12301
151713383,26,3,439
151824857,24,2,11621
151871537,20,2,12281
152068097,20,2,12289
152132873,22,2,12163
152349653,2,2,12343
152366033,14,2,12343
152611793,18,2,12343
152961113,22,2,12197
153091193,6,2,12373
153190133,2,2,12377
153353273,18,2,12373
153602417,16,2,12391
153690617,24,2,11701
153784817,4,2,12401
153788897,12,2,12401
153850337,16,2,12401
154288217,20,2,12379
154330313,22,2,12253
154344713,18,2,12413
154400513,26,2,9343
154595873,14,2,12433
154728877,27,5,29
154833377,20,2,12401
155031497,12,2,12451
155177873,10,2,12457
155329817,20,2,12421
155412473,26,2,9397
155438993,18,2,12457
155575733,2,2,12473
155575793,6,2,12473
155576753,10,2,12473
155592113,14,2,12473
155713433,26,2,9413
155757737,24,2,11789
155790977,16,2,12479
156025097,4,2,12491
156040817,24,2,11801
156165833,26,2,9437
156590657,16,2,12511
156642713,22,2,12347
156657233,26,2,9463
156691673,14,2,12517
156749777,24,2,11831
156926753,10,2,12527
156939137,24,2,11839
157230617,12,2,12539
157276937,8,2,12541
157301873,26,2,9497
157427273,6,2,12547
157443593,14,2,12547
157577813,2,2,12553
157578833,10,2,12553
157979777,4,2,12569
157986953,26,2,9533
158045297,16,2,12569
158275097,20,2,12539
158276873,22,2,12413
158331893,2,2,12583
158443073,18,2,12577
158482937,4,2,12589
158483177,8,2,12589
158601497,24,2,11909
158773793,22,2,12433
159102857,16,2,12611
159239417,8,2,12619
159349913,18,2,12613
159364697,24,2,11941
159710153,14,2,12637
159795137,8,2,12641
159946613,2,2,12647
160082057,24,2,11971
160098413,2,2,12653
160114793,14,2,12653
160250297,4,2,12659
160250537,8,2,12659
160519313,22,2,12503
160843457,20,2,12641
161014817,12,2,12689
161298857,20,2,12659
161367233,10,2,12703
161602817,20,2,12671
161621393,10,2,12713
161762897,24,2,12041
161824097,8,2,12721
162282137,4,2,12739
162286217,12,2,12739
162375233,22,2,12577
162486257,24,2,12071
162741053,2,2,12757
163051457,12,4,113
163358057,12,2,12781
163405097,24,2,12109
163419497,16,2,12781
163609937,8,2,12791
163613777,12,2,12791
163668347,10,3,547
163732859,16,3,547
163814657,8,2,12799
164070497,4,2,12809
164095937,20,4,113
164136017,16,2,12809
164375417,24,2,12149
164378057,4,2,12821
164378297,8,2,12821
164430353,10,2,12823
164658257,20,2,12791
164667137,24,2,12161
164691473,18,2,12823
164861633,26,2,9887
165119057,20,2,12809
166126577,8,2,12889
166229513,6,2,12893
166491593,18,2,12893
166759457,16,2,12911
166849913,10,2,12917
166966097,16,2,12919
167003933,2,2,12923
167004953,10,2,12923
167473577,12,2,12941
167780213,2,2,12953
167780273,6,2,12953
167781233,10,2,12953
167796737,24,2,12289
167850233,26,2,10037
167861627,22,3,547
168001217,16,2,12959
168042353,18,2,12953
168143093,2,2,12967
168453353,26,2,10067
168454457,4,2,12979
168454697,8,2,12979
168518057,20,2,12941
168519977,16,2,12979
168558293,2,2,12983
168623633,22,2,12823
168820433,18,2,12983
169079033,10,2,13003
169179473,26,2,10103
169234097,4,2,13009
169238177,12,2,13009
169503017,20,2,12979
169859093,2,2,13033
169860113,10,2,13033
170016857,24,2,12379
170074577,20,2,13001
170119913,6,2,13043
170121233,18,2,13033
170136233,14,2,13043
170276417,4,2,13049
170314097,24,2,12391
170341937,16,2,13049
170381993,18,2,13043
170641973,2,2,13063
170658353,14,2,13063
170784953,22,2,12907
171198233,22,2,12923
171324977,20,2,13049
171583817,4,2,13099
171704993,14,2,13103
171911417,16,2,13109
172226177,16,2,13121
172318193,6,2,13127
172580273,18,2,13127
172843673,6,2,13147
172859993,14,2,13147
172894457,20,2,13109
173014337,16,2,13151
173159537,8,2,13159
173224817,16,2,13159
173264573,2,2,13163
173264633,6,2,13163
173265593,10,2,13163
173332981,19,3,557
173466833,26,2,10313
173479337,12,2,13171
173526713,18,2,13163
173633333,2,2,13177
173634353,10,2,13177
173807873,14,2,13183
173997377,20,2,13151
174003737,24,2,12539
174689153,6,2,13217
174705473,14,2,13217
175071977,16,2,13229
175536017,4,2,13249
175540097,12,2,13249
175601537,16,2,13249
175620953,22,2,13093
175801337,8,2,13259
175882913,22,2,13103
176029673,14,2,13267
176275433,18,2,13267
176374073,26,2,10453
176457713,26,2,10457
176650697,4,2,13291
176810273,6,2,13297
177129497,4,2,13309
177129737,8,2,13309
177787937,24,2,12689
177928937,4,2,13339
178091273,22,2,13187
178178057,20,2,13309
178601057,24,2,12721
179051417,8,2,13381
179055257,12,2,13381
179059337,24,2,12739
179479613,2,2,13397
179480633,10,2,13397
179533217,4,2,13399
179533457,8,2,13399
179744633,26,2,10613
179920457,16,2,13411
180041993,26,2,10627
180660737,8,2,13441
180903497,20,2,13411
180929417,4,2,13451
180933497,12,2,13451
181004513,22,2,13297
181171817,20,2,13421
181252373,2,2,13463
181268753,14,2,13463
181352993,18,2,13457
181514513,18,2,13463
181629593,6,2,13477
182306153,26,2,10733
182462537,20,2,13469
182601173,2,2,13513
182602193,10,2,13513
182610167,26,3,487
182863313,18,2,13513
182870993,22,2,13367
182903537,24,2,12889
183471137,24,2,12911
183512513,18,2,13537
183677777,24,2,12919
183684833,10,2,13553
183945953,18,2,13553
184064513,10,2,13567
184325633,18,2,13567
184335953,10,2,13577
184351081,17,3,569
184719377,12,2,13591
184766273,26,2,10847
185200553,26,2,10867
185285153,22,2,13457
185575913,18,2,13613
185763857,20,2,13591
185858753,6,2,13633
186093473,22,2,13487
186295457,8,2,13649
186360737,16,2,13649
186841817,8,2,13669
187053617,24,2,13049
187333973,2,2,13687
188057057,16,2,13711
188174873,26,2,11003
188320733,2,2,13723
188337113,14,2,13723
188485457,4,2,13729
188529233,22,2,13577
188582873,18,2,13723
189155537,16,2,13751
189310337,8,2,13759
189375617,16,2,13759
189436553,14,2,13763
189889433,22,2,13627
189916217,8,2,13781
190136777,8,2,13789
190416497,12,2,13799
190633253,2,2,13807
191185097,20,2,13789
191241257,4,2,13829
191245337,12,2,13829
191296577,4,2,13831
191573297,4,2,13841
191638817,16,2,13841
191944793,26,2,11173
192101057,10,3,577
192101297,24,2,13241
192289817,20,2,13829
192313217,24,2,13249
192345137,20,2,13831
192460133,2,2,13873
192571133,2,2,13877
192571193,6,2,13877
192608617,23,3,569
192754073,14,2,13883
192840233,26,2,11213
193120457,20,2,13859
193405673,10,2,13907
193675217,20,2,13879
193828913,26,2,11257
193859777,16,2,13921
194189393,26,2,11273
194492777,24,2,13331
194966393,10,2,13963
195093473,14,2,13967
195339233,18,2,13967
195828377,24,2,13381
195976097,12,2,13999
195999473,26,2,11353
196308137,4,2,14011
196308377,8,2,14011
196312217,12,2,14011
196373657,16,2,14011
196812857,4,2,14029
196816937,12,2,14029
197437697,24,2,13441
197487713,22,2,13903
197593793,26,2,11423
197599253,2,2,14057
197765873,22,2,13913
198274577,4,2,14081
198347273,14,2,14083
198443573,2,2,14087
198459953,14,2,14087
198705713,18,2,14087
199007453,2,2,14107
199289873,26,2,11497
199427873,26,2,11503
200025473,10,2,14143
200194217,4,2,14149
200259737,16,2,14149
200542817,16,2,14159
200873993,6,2,14173
200874953,10,2,14173
200987393,6,2,14177
201119393,22,2,14033
201136073,18,2,14173
201838853,2,2,14207
201838913,6,2,14207
201855233,14,2,14207
202240937,12,2,14221
202262131,7,3,587
202302377,16,2,14221
202435553,26,2,11633
202637873,22,2,14087
202786291,19,3,587
202863113,6,2,14243
202864073,10,2,14243
202879433,14,2,14243
203038097,12,2,14249
203091017,4,2,14251
203099537,16,2,14249
203892257,24,2,13679
204139577,20,2,14251
204218753,22,2,14143
204289853,2,2,14293
204396953,26,2,11717
204713897,24,2,13709
204837953,18,2,14303
205068233,22,2,14173
205091297,8,2,14321
205148393,6,2,14323
205156577,16,2,14321
205262657,24,2,13729
205664297,4,2,14341
205836473,6,2,14347
205867217,24,2,13751
205947953,26,2,11783
206033153,22,2,14207
207108857,16,2,14389
207189617,24,2,13799
207388817,4,2,14401
207392897,12,2,14401
207516737,20,2,14369
207839633,26,2,11863
208257857,12,2,14431
208427033,6,2,14437
208443353,14,2,14437
208536049,13,3,593
208715873,6,2,14447
208732193,14,2,14447
208770113,22,2,14303
208773857,8,2,14449
209120777,8,2,14461
209302337,20,2,14431
209641697,8,2,14479
209706977,16,2,14479
209983073,26,2,11953
210030713,22,2,14347
210338033,10,2,14503
211208093,2,2,14533
211276913,26,2,12007
211586513,18,2,14537
211677497,12,2,14549
211738937,16,2,14549
211906313,6,2,14557
211907273,10,2,14557
211998233,26,2,12037
212081033,6,2,14563
212142713,26,2,12043
212343113,18,2,14563
212621273,22,2,14437
212866193,26,2,12073
212962817,16,2,14591
213071297,20,2,14561
213217793,18,2,14593
213945857,20,2,14591
214125713,10,2,14633
214300577,8,2,14639
214561313,26,2,12143
214726793,14,2,14653
214827713,6,2,14657
215056217,20,2,14629
215089793,18,2,14657
215179577,4,2,14669
215179817,8,2,14669
215348897,20,2,14639
215591513,10,2,14683
215852633,18,2,14683
216064697,12,2,14699
216100553,22,2,14557
216126137,16,2,14699
216472433,6,2,14713
216590093,2,2,14717
217006457,12,2,14731
217028873,18,2,14723
217297097,4,2,14741
217301177,12,2,14741
217474073,6,2,14747
217651073,6,2,14753
217652033,10,2,14753
217832177,12,2,14759
217833593,26,2,12277
217913153,18,2,14753
218064293,2,2,14767
218318993,22,2,14633
218422937,12,2,14779
218537153,6,2,14783
218799233,18,2,14783
218876657,20,2,14759
218951273,6,2,14797
219021953,22,2,14657
219231017,20,2,14771
219424973,2,2,14813
219425993,10,2,14813
219666137,12,2,14821
219687113,18,2,14813
219784793,22,2,14683
219811217,24,2,14249
219839993,6,2,14827
219840953,10,2,14827
219962657,12,2,14831
220024097,16,2,14831
220552457,8,2,14851
220666673,22,2,14713
220710617,20,2,14821
220724177,24,2,14281
220784393,22,2,14717
221027753,6,2,14867
221087417,8,2,14869
221091257,12,2,14869
221622773,2,2,14887
221920613,2,2,14897
221921633,10,2,14897
221936993,14,2,14897
222684593,26,2,12473
222875297,8,2,14929
223177817,12,2,14939
223532417,4,2,14951
223532657,8,2,14951
223536497,12,2,14951
223648559,4,3,607
223649567,10,3,607
223664927,14,3,607
223711853,2,2,14957
224071217,8,2,14969
224075057,12,2,14969
224491313,10,2,14983
224506673,14,2,14983
224580977,20,2,14951
224686673,26,2,12553
224697119,20,3,607
224752433,18,2,14983
225030977,24,2,14431
225511313,10,2,15017
225526673,14,2,15017
225550817,24,2,14449
225772433,18,2,15017
225930977,4,2,15031
226802633,26,2,12637
227055473,26,2,12647
227195393,6,2,15073
227211713,14,2,15073
227316953,10,2,15077
227457473,18,2,15073
227497913,10,2,15083
227759033,18,2,15083
227842847,22,3,607
228040217,4,2,15101
228040457,8,2,15101
228221453,2,2,15107
228322673,26,2,12697
229189577,8,2,15139
229193417,12,2,15139
229390913,18,2,15137
229496297,12,2,15149
229557737,16,2,15149
229704593,22,2,15017
229849913,26,2,12757
230219993,6,2,15173
230236313,14,2,15173
230347421,10,3,613
230907113,18,2,15187
231861533,2,2,15227
232045313,10,2,15233
232288097,4,2,15241
232306433,18,2,15233
232353617,16,2,15241
232415753,22,2,15107
232837097,4,2,15259
232837817,24,2,14699
232960193,10,2,15263
232975553,14,2,15263
233207537,12,2,15271
233268977,16,2,15271
233336657,20,2,15241
233403113,14,2,15277
233699513,26,2,12907
233753777,8,2,15289
233885657,20,2,15259
234190937,20,2,15269
234305273,10,2,15307
234320633,14,2,15307
234487973,2,2,15313
234488993,10,2,15313
234671777,4,2,15319
234737297,16,2,15319
234887161,11,3,617
234889073,26,2,12953
235043657,12,2,15331
235196057,24,2,14779
235251953,26,2,12967
235407593,26,2,12973
235667153,26,2,12983
235902977,12,2,15359
235960337,4,2,15361
235960577,8,2,15361
236329133,2,2,15373
236330153,10,2,15373
236591273,18,2,15373
236735777,24,2,14831
236883137,8,2,15391
236886977,12,2,15391
236947457,20,2,15359
236948417,16,2,15391
237153473,22,2,15263
237191057,8,2,15401
237228713,26,2,13043
237560573,2,2,15413
237560633,6,2,15413
237561593,10,2,15413
237864377,24,2,14869
237886673,22,2,15287
238486253,2,2,15443
238487273,10,2,15443
238682273,22,2,15313
239108057,16,2,15461
239952473,26,2,13147
240033113,6,2,15493
240091097,20,2,15461
240309617,24,2,14951
240373433,26,2,13163
240848177,24,2,14969
241087793,6,2,15527
241104113,14,2,15527
241837697,12,2,15551
242393777,4,2,15569
242571257,20,2,15541
242680553,22,2,15443
242708177,24,2,15031
242771657,12,2,15581
242829953,6,2,15583
243092033,18,2,15583
243422393,22,2,15467
243840593,18,2,15607
244140881,8,12,5
244227353,22,2,15493
244269737,12,2,15629
244439777,20,2,15601
244965593,18,2,15643
245001737,20,2,15619
245189201,20,12,5
245271017,12,2,15661
245421857,24,2,15121
245454893,2,2,15667
245717033,18,2,15667
245896577,16,2,15679
245956553,6,2,15683
245966537,24,2,15139
247464377,4,2,15731
247468457,12,2,15731
247600673,18,2,15727
247716377,8,2,15739
247781657,16,2,15739
247915313,18,2,15737
248031257,8,2,15749
248409137,4,2,15761
248409377,8,2,15761
248474657,16,2,15761
248803913,14,2,15773
249008033,26,2,13487
249049673,18,2,15773
249229433,6,2,15787
249245753,14,2,15787
249546233,10,2,15797
249614297,24,2,15259
249734873,6,2,15803
249735833,10,2,15803
249919577,24,2,15269
249980657,24,2,15271
250177493,2,2,15817
250177553,6,2,15817
250193873,14,2,15817
250367333,2,2,15823
250368353,10,2,15823
251239607,4,3,631
251508137,8,2,15859
251816777,24,2,15331
251847473,22,2,15737
252422633,26,2,13613
252845897,12,2,15901
252907337,16,2,15901
252967553,26,2,13633
253049033,14,2,15907
253224593,10,2,15913
253294793,18,2,15907
253418657,12,2,15919
253508897,20,2,15889
253541993,6,2,15923
253739513,22,2,15797
253804073,18,2,15923
254004353,14,2,15937
254442833,26,2,13687
254689697,4,2,15959
255073097,8,2,15971
255136733,2,2,15973
255712097,4,2,15991
255738257,20,2,15959
256032017,4,2,16001
256036097,12,2,16001
256529033,26,2,13763
256760657,20,2,15991
257736233,22,2,15923
257959817,12,2,16061
258148493,2,2,16067
258212777,4,2,16069
258341393,6,2,16073
258792593,10,2,16087
258920297,4,2,16091
259114433,10,2,16097
259322993,14,2,16103
259629857,16,2,16111
259679993,26,2,13877
259846553,26,2,13883
259968857,20,2,16091
260080193,6,2,16127
260148737,12,4,127
261193217,20,4,127
261515897,20,2,16139
261668417,24,2,15649
261889493,2,2,16183
261890513,10,2,16183
262021553,22,2,16057
262035353,14,2,16187
262083737,4,2,16189
262087817,12,2,16189
262149257,16,2,16189
262185953,26,2,13967
262357457,24,2,15671
262535633,22,2,16073
263007473,14,2,16217
263132297,20,2,16189
263186753,10,2,16223
263374753,5,3,641
263374849,7,3,641
263449457,12,2,16231
264241577,24,2,15731
264274433,22,2,16127
264422153,18,2,16253
264615293,2,2,16267
264708113,26,2,14057
264810593,6,2,16273
265726697,12,2,16301
265847963,8,3,643
265848731,10,3,643
266213273,22,2,16187
266310017,8,2,16319
266701697,24,2,15809
266766953,6,2,16333
266783273,14,2,16333
267289817,4,2,16349
267380033,22,2,16223
267682577,8,2,16361
267747833,6,2,16363
268096193,26,2,14177
268402697,16,2,16381
268435537,28,4,3
268435577,28,2,11
268436081,28,4,5
268437857,28,4,7
268442017,28,8,3
268450097,28,4,11
268452263,28,5,7
268454777,28,2,139
268467497,28,2,179
268468217,28,2,181
268498457,28,2,251
268507817,28,2,269
268514417,28,2,281
268579097,28,2,379
268611017,28,2,419
268676537,28,2,491
268728137,28,2,541
268736219,28,3,67
268796657,28,2,601
268806749,28,5,13
268947713,26,2,14207
268966897,28,12,3
268999457,28,2,751
269004833,22,2,16273
269173337,28,2,859
269348129,28,3,97
269385737,20,2,16381
269386457,16,2,16411
269417537,28,2,991
269535857,28,2,1049
269540057,28,2,1051
269625737,28,2,1091
269780033,18,2,16417
269806697,28,2,1171
269830217,28,2,1181
269846333,2,2,16427
269846393,6,2,16427
269862713,14,2,16427
270044513,10,2,16433
270059873,14,2,16433
270128057,28,2,1301
270191777,24,2,15919
270369497,20,2,16411
270503873,6,2,16447
270506177,28,2,1439
270682457,28,2,1499
270701273,6,2,16453
270702233,10,2,16453
270717593,14,2,16453
270840151,7,3,647
270903497,28,2,1571
271024337,28,2,1609
271063097,28,2,1621
271398713,26,2,14293
271466537,28,2,1741
271627457,12,2,16481
271822193,10,2,16487
271854257,28,4,43
272003777,28,2,1889
272083313,18,2,16487
272234057,28,2,1949
272241857,28,2,1951
272766017,28,2,2081
272799377,28,2,2089
272942897,16,2,16519
273183497,28,2,2179
274018193,14,2,16553
274057097,28,2,2371
274065353,18,2,16547
274142777,28,2,2389
274200257,28,8,7
274237793,22,2,16433
274263953,18,2,16553
274266737,4,2,16561
274270817,12,2,16561
274698113,22,2,16447
274895513,22,2,16453
274926473,18,2,16573
275242337,28,2,2609
275315297,20,2,16561
275624513,28,3,193
275792453,2,2,16607
275793473,10,2,16607
275882897,28,2,2729
275921753,18,2,16603
276015473,22,2,16487
276225137,28,2,2791
276341537,24,2,16111
276382217,28,2,2819
276590177,4,2,16631
276620777,28,2,2861
276656693,2,2,16633
276657713,10,2,16633
276673073,14,2,16633
277073177,28,2,2939
277189457,8,2,16649
277254737,16,2,16649
277441457,28,2,3001
277455653,2,2,16657
277472033,14,2,16657
277589177,8,2,16661
277915697,28,2,3079
278101337,28,2,3109
278478017,28,2,3169
278554217,28,2,3181
278589737,8,2,16691
278593577,12,2,16691
278655017,16,2,16691
278657273,10,2,16693
278659793,22,2,16567
278672633,14,2,16693
278856857,8,2,16699
278860937,24,2,16189
279517697,28,2,3329
279799097,28,2,3371
280261097,4,2,16741
280463033,10,2,16747
280552817,28,4,59
280762577,28,2,3511
280929617,16,2,16759
280998173,2,2,16763
281101937,28,2,3559
281233553,26,2,14633
281819273,26,2,14653
281819753,14,2,16787
282132857,28,2,3701
282475313,6,10,7
282699353,26,2,14683
282737393,18,10,7
283014353,10,2,16823
283348097,16,2,16831
283686653,2,2,16843
283686713,6,2,16843
283687673,10,2,16843
283698953,26,2,14717
283875593,26,2,14723
283948793,18,2,16843
284696177,16,2,16871
284759873,26,2,14753
284900657,4,2,16879
285242417,12,2,16889
285297833,18,2,16883
285303857,16,2,16889
285484097,28,2,4129
285644057,8,2,16901
285645953,26,2,14783
285711473,6,2,16903
285949217,20,2,16879
286191307,7,3,659
286193227,11,3,659
286199371,13,3,659
286320497,8,2,16921
286385777,16,2,16921
286426457,24,2,16421
286539713,14,2,16927
286574537,28,2,4259
286724297,16,2,16931
286830977,28,2,4289
286861973,2,2,16937
286862033,6,2,16937
286948793,26,2,14827
287065253,2,2,16943
287081633,14,2,16943
287207633,22,2,16823
287743433,6,2,16963
287744393,10,2,16963
287880953,22,2,16843
288354617,8,2,16981
288358457,12,2,16981
288514817,28,2,4481
288731633,26,2,14887
288763073,10,2,16993
289024193,18,2,16993
289029473,26,2,14897
289714457,4,2,17021
289804793,26,2,14923
289987097,8,2,17029
289990937,12,2,17029
290067257,28,2,4651
290123153,6,2,17033
290385233,18,2,17033
290422697,20,2,17011
290600273,6,2,17047
290723297,28,2,4721
290763017,20,2,17021
290862353,18,2,17047
291035417,20,2,17029
291043937,24,2,16561
291056273,22,2,16937
291465857,28,2,4799
292162097,28,2,4871
292375817,4,2,17099
292533737,28,2,4909
292649453,2,2,17107
292956353,22,2,16993
293126417,28,2,4969
293197133,2,2,17123
293253833,18,2,17117
293459273,18,2,17123
293645897,28,2,5021
293676833,6,2,17137
293847137,28,4,71
293938913,18,2,17137
294431297,4,2,17159
294499937,4,4,131
294565457,16,4,131
295256513,10,2,17183
295330313,26,2,15107
295479857,20,2,17159
295530497,4,2,17191
295798817,28,2,5231
296080913,6,2,17207
296081873,10,2,17207
296149697,4,2,17209
296215217,16,2,17209
296237633,26,2,15137
296324417,28,2,5281
296342993,18,2,17207
296364953,22,2,17093
296579057,20,2,17191
296843753,22,2,17107
296911457,12,2,17231
297248657,16,2,17239
297390617,28,2,5381
297801017,28,2,5419
297804053,2,2,17257
297931217,28,2,5431
297936113,26,2,15193
297955937,20,2,17231
298665953,26,2,15217
298696457,28,2,5501
298978697,4,2,17291
298978937,8,2,17291
299048873,10,2,17293
299099753,28,3,313
299878493,2,2,17317
299992457,24,2,16829
300017297,8,2,17321
300225953,10,2,17327
300233777,28,2,5639
300241313,14,2,17327
300256337,28,2,5641
300303977,20,2,17299
300369257,28,2,5651
300459737,28,2,5659
300695033,18,2,17333
300775817,16,2,17341
300800177,28,2,5689
301057457,8,2,17351
301334897,4,2,17359
301413113,26,2,15307
301486457,28,2,5749
301596833,26,2,15313
302168753,6,2,17383
302185073,14,2,17383
302222273,18,2,17377
302307833,6,2,17387
302308793,10,2,17387
302324153,14,2,17387
302569913,18,2,17387
303351953,6,2,17417
303421817,8,2,17419
303425897,20,2,17389
303487097,16,2,17419
303745553,26,2,15383
303839777,4,2,17431
303843377,20,2,17401
303843857,12,2,17431
304207817,28,2,5981
304470137,20,2,17419
304520393,18,2,17443
304533137,16,2,17449
305236097,8,2,17471
305445533,2,2,17477
305516177,20,2,17449
305655353,6,2,17483
305656313,10,2,17483
305657657,28,2,6101
305671673,14,2,17483
305707673,18,2,17477
305935337,8,2,17491
305939177,12,2,17491
306146033,10,2,17497
306270257,28,2,6151
306284417,20,2,17471
306630617,16,2,17509
306708209,28,3,337
306764057,24,2,17029
307265873,26,2,15497
307385537,28,4,79
307620617,12,2,17539
307760897,28,2,6271
307963937,20,2,17519
308041697,12,2,17551
308811353,10,2,17573
308897777,28,2,6361
309086777,16,2,17579
309091577,4,2,17581
309153017,24,2,17099
309718337,20,2,17569
309728897,12,2,17599
310025057,28,2,6449
310080977,12,2,17609
310290781,11,3,677
310568537,28,2,6491
310586513,14,2,17623
310687313,26,2,15607
310712153,10,2,17627
311277137,24,4,131
311351057,28,2,6551
311770673,10,2,17657
311937473,26,2,15647
311999509,25,3,653
312259097,16,2,17669
312618017,8,2,17681
312683297,16,2,17681
312688553,6,2,17683
312804377,28,2,6661
312888857,20,2,17659
313004633,22,2,17573
313204937,28,2,6691
313446137,28,2,6709
313554233,14,2,17707
313750373,2,2,17713
313766753,14,2,17713
313960337,24,2,17239
314146577,28,2,6761
314601173,2,2,17737
314601233,6,2,17737
314617553,14,2,17737
314956073,6,2,17747
315027257,8,2,17749
315070697,28,2,6829
315234737,28,2,6841
315366017,20,2,17729
315457217,12,2,17761
315755897,24,2,17291
315893777,28,4,83
315963953,22,2,17657
316197377,28,2,6911
316501697,20,2,17761
316519937,8,2,17791
316654073,26,2,15797
316882793,22,2,17683
317089313,6,2,17807
317801933,2,2,17827
317801993,6,2,17827
317818313,14,2,17827
318064073,18,2,17827
318158573,2,2,17837
318159593,10,2,17837
318234017,12,2,17839
318295457,16,2,17839
318611989,1,3,683
318677341,23,3,677
318723737,16,2,17851
318743059,17,3,683
319086773,2,2,17863
319087793,10,2,17863
319150313,22,2,17747
319572017,24,2,17401
319734257,12,2,17881
319745611,25,3,659
320517413,2,2,17903
320518433,10,2,17903
320549417,28,2,7219
320779553,18,2,17903
320803937,4,2,17911
320869457,16,2,17911
321233933,2,2,17923
321233993,6,2,17923
321780857,20,2,17909
322525937,8,2,17959
323022377,16,2,17971
323281073,22,2,17863
323532173,2,2,17987
323604137,4,2,17989
323669657,16,2,17989
323794313,18,2,17987
324072137,28,2,7459
324393737,24,2,17539
324484553,14,2,18013
325477697,4,2,18041
325566233,14,2,18043
325900433,26,2,16087
325956353,18,2,18047
326193017,16,2,18059
326265257,16,2,18061
326777933,2,2,18077
326778953,10,2,18077
326854097,24,2,17609
327366833,22,2,17977
328298417,8,2,18119
328363697,16,2,18119
328662473,22,2,18013
328822073,14,2,18133
328998353,26,2,16183
329168453,2,2,18143
329168513,6,2,18143
329346737,20,2,18119
329386217,4,2,18149
329386457,8,2,18149
329390297,12,2,18149
329394977,24,2,17681
329430593,18,2,18143
329728697,28,2,7829
329888513,22,2,18047
330549017,8,2,18181
330912737,8,2,18191
330972233,22,2,18077
331146017,28,2,7919
331597337,20,2,18181
331653857,28,2,7951
332077793,6,2,18223
332078753,10,2,18223
332121233,18,2,18217
332296457,4,2,18229
332300537,12,2,18229
332442353,6,2,18233
332611577,28,2,8011
332956571,26,3,643
333060977,28,2,8039
333188393,14,2,18253
333296897,24,2,17791
333318053,2,2,18257
333319073,10,2,18257
333362753,22,2,18143
333544217,28,2,8069
333580193,18,2,18257
333738017,28,2,8081
333756377,4,2,18269
333821897,16,2,18269
333867377,28,2,8089
334147577,20,2,18251
334414433,6,2,18287
334491617,12,2,18289
334553057,16,2,18289
334926857,8,2,18301
335292977,8,2,18311
335382353,14,2,18313
335527937,28,2,8191
335952257,4,2,18329
335975177,20,2,18301
336017777,16,2,18329
336272033,22,2,18223
336396377,12,2,18341
336457817,16,2,18341
336636593,22,2,18233
336811817,28,2,8269
336832673,6,2,18353
337346753,6,2,18367
337366313,22,2,18253
337493657,4,2,18371
337787897,8,2,18379
337810073,26,2,16453
337939457,24,2,17921
338449673,6,2,18397
338600393,26,2,16477
338836217,20,2,18379
339039593,10,2,18413
339127913,26,2,16493
339554393,6,2,18427
339775493,2,2,18433
340443497,12,2,18451
340504937,16,2,18451
340808777,8,2,18461
341026913,22,2,18353
341045297,20,2,18439
341540993,22,2,18367
342069017,28,2,8581
342768473,26,2,16603
342904697,24,2,18059
342976937,24,2,18061
343053917,28,3,421
343101593,6,2,18523
343102553,10,2,18523
343117913,14,2,18523
343141433,18,2,18517
343363673,18,2,18523
343694537,4,2,18539
343698617,12,2,18539
343765553,26,2,16633
343772777,12,2,18541
343934177,28,2,8689
344213813,2,2,18553
344213873,6,2,18553
344456417,28,2,8719
344472103,1,3,701
345190577,28,2,8761
345477593,10,2,18587
345506297,28,2,8779
345510377,24,2,18131
346210217,28,2,8819
347073593,22,2,18517
347325977,24,2,18181
348107033,26,2,16763
348606257,4,2,18671
348671777,16,2,18671
348878417,28,2,8969
349073657,24,2,18229
349654817,20,2,18671
350319857,28,2,9049
350402057,20,2,18691
350438513,18,2,18713
350466497,16,2,18719
350850377,4,2,18731
350915897,16,2,18731
351081737,28,2,9091
351525017,4,2,18749
351525257,8,2,18749
351825053,2,2,18757
352087193,18,2,18757
352144553,26,2,16883
352425533,2,2,18773
352441913,14,2,18773
352573577,20,2,18749
352952393,10,2,18787
353169497,24,2,18341
353328233,10,2,18797
353462297,28,2,9221
353552813,2,2,18803
353552873,6,2,18803
353970833,26,2,16937
354370673,22,2,18713
354564857,24,2,18379
354912017,12,2,18839
355494353,22,2,18743
355661897,4,2,18859
356019353,22,2,18757
356251097,28,2,9371
356401853,10,3,709
356619833,22,2,18773
356626337,28,2,9391
357172217,4,2,18899
357237737,16,2,18899
357371153,22,2,18793
357521513,22,2,18797
357585737,24,2,18461
357626177,8,2,18911
357709073,26,2,17047
357853913,10,2,18917
357869273,14,2,18917
357932657,12,2,18919
358674497,20,2,18911
358977137,20,2,18919
359427977,28,2,9539
359443697,4,2,18959
359974733,2,2,18973
360202457,4,2,18979
360595133,22,3,709
360960617,28,2,9619
361038017,4,2,19001
361407617,16,2,19009
361494173,2,2,19013
361494233,6,2,19013
361495193,10,2,19013
361756313,18,2,19013
361770377,28,2,9661
362047193,22,2,18917
362086577,20,2,19001
362183057,12,2,19031
362244497,16,2,19031
362390657,20,2,19009
362407433,6,2,19037
362940857,8,2,19051
363183113,22,2,18947
363283577,28,2,9739
363478457,28,2,9749
363692297,16,2,19069
363780353,10,2,19073
363879449,28,3,457
364084817,8,2,19081
364575713,18,2,19087
365044697,28,2,9829
365133137,20,2,19081
365872097,28,2,9871
366301577,8,2,19139
366305417,12,2,19139
366378137,8,2,19141
366443417,16,2,19141
366987353,26,2,17317
366991673,10,2,19157
367178177,24,2,18719
367220573,2,2,19163
367258937,28,2,9941
367914857,12,2,19181
367973633,22,2,19073
367987493,2,2,19183
368003873,14,2,19183
368507873,22,2,19087
368908853,2,2,19207
368925233,14,2,19207
369052577,24,4,137
369062777,8,2,19211
369128057,16,2,19211
369139373,2,2,19213
369140393,10,2,19213
369155753,14,2,19213
369216977,28,2,10039
369369977,4,2,19219
369435497,16,2,19219
370324313,18,2,19237
370524017,4,2,19249
370913177,12,2,19259
371448533,2,2,19273
371464913,14,2,19273
371572577,20,2,19249
371710673,18,2,19273
372065537,4,2,19289
372439097,24,2,18859
372532697,12,2,19301
372594137,16,2,19301
373223777,4,2,19319
373227857,12,2,19319
373301057,4,4,139
373301297,8,4,139
373577177,20,2,19301
373764893,2,2,19333
375165017,28,2,10331
375314153,10,2,19373
375411593,22,2,19267
375545897,8,2,19379
375855773,2,2,19387
375855833,6,2,19387
375872153,14,2,19387
376076417,16,2,19391
376408337,28,2,10391
376979657,24,2,18979
377020913,10,2,19417
377036273,14,2,19417
377059457,20,2,19391
377175257,4,2,19421
377175497,8,2,19421
377240777,16,2,19421
377269313,14,2,19423
377408333,2,2,19427
377408393,6,2,19427
377490137,12,2,19429
377959193,22,2,19333
378026533,25,3,701
378185813,2,2,19447
378186833,10,2,19447
378223817,20,2,19421
378534617,20,2,19429
378574913,6,2,19457
378591233,14,2,19457
378706457,28,2,10501
378809393,10,2,19463
378956177,24,2,19031
379001057,20,2,19441
379353593,6,2,19477
379507433,22,2,19373
379587353,6,2,19483
379825217,12,2,19489
379849433,18,2,19483
379886657,16,2,19489
380090537,20,2,19469
380354537,16,2,19501
380523113,6,2,19507
380539433,14,2,19507
380861777,24,2,19081
381459977,4,2,19531
381525497,16,2,19531
381602633,22,2,19427
381710033,26,2,17737
381850697,4,2,19541
381854777,12,2,19541
381928853,2,2,19543
381928913,6,2,19543
382380113,22,2,19447
382554737,8,2,19559
382732937,28,2,10691
383028137,12,2,19571
383078537,24,2,19139
383493953,6,2,19583
383510273,14,2,19583
383547833,22,2,19477
383756033,18,2,19583
383761577,28,2,10739
383936759,28,3,487
384042413,2,2,19597
384513137,8,2,19609
384578417,16,2,19609
386353337,28,2,10859
386554937,4,2,19661
386555177,8,2,19661
386620457,16,2,19661
387301217,24,2,19249
387407297,16,2,19681
387420617,7,18,3
387428681,13,18,3
387436873,14,18,3
387577973,2,2,19687
387578033,6,2,19687
387971813,2,2,19697
387972833,10,2,19697
387988193,14,2,19697
388054697,12,2,19699
388342793,26,2,17923
388444697,4,2,19709
388760153,6,2,19717
389022233,18,2,19717
389154593,6,2,19727
389170913,14,2,19727
390078257,24,4,139
390106097,12,2,19751
390181013,2,2,19753
390197393,14,2,19753
390483617,16,2,19759
391129733,2,2,19777
391129793,6,2,19777
391150577,20,2,19751
391391873,18,2,19777
391577033,26,2,18013
391614793,22,18,3
391763873,10,2,19793
392024993,18,2,19793
393226697,28,2,11171
393348833,22,2,19727
393669377,12,2,19841
393761033,14,2,19843
393832853,4,3,733
393841337,20,2,19819
393849221,14,3,733
394006793,18,2,19843
394141613,2,2,19853
394142633,10,2,19853
394403753,18,2,19853
394459577,8,2,19861
394463417,12,2,19861
394524857,16,2,19861
395572577,8,2,19889
395637857,16,2,19889
395651297,28,2,11279
395957153,22,2,19793
396102857,28,2,11299
396766817,8,2,19919
396832097,16,2,19919
397085333,2,2,19927
397938953,22,2,19843
397962857,8,2,19949
397966697,12,2,19949
398027141,22,3,733
398372657,28,2,11399
398441777,8,2,19961
398521433,6,2,19963
398783513,18,2,19963
399160457,4,2,19979
399164537,12,2,19979
399736433,14,2,19993
399880073,6,2,19997
399881033,10,2,19997
400019297,28,2,11471
400280873,26,2,18253
400440377,8,2,20011
400444217,12,2,20011
400920593,6,2,20023
400921553,10,2,20023
401678273,22,2,19937
401898593,14,2,20047
402042857,8,2,20051
402108137,16,2,20051
402508697,28,2,11579
402524033,6,2,20063
402849137,12,2,20071
402910577,16,2,20071
403914353,22,2,19993
404115737,16,2,20101
404455553,26,2,18367
404955833,18,2,20117
405068177,28,2,11689
405176897,8,2,20129
405221897,24,2,19709
405242177,16,2,20129
405558473,26,2,18397
405741473,10,2,20143
405902633,10,2,20147
406147433,26,2,18413
406531457,16,2,20161
406663193,26,2,18427
406949993,6,2,20173
407030777,20,2,20149
407699057,28,2,11801
407777723,22,3,739
408084497,12,2,20201
408597377,28,2,11839
408808217,8,2,20219
409129433,22,2,20123
409469873,26,2,18503
409593617,28,4,109
409988153,26,2,18517
410180599,13,3,743
410303479,17,3,743
410338681,3,7,17
410371441,15,7,17
410512217,12,2,20261
410836457,12,2,20269
410975177,28,2,11939
411556697,20,2,20261
411562373,2,2,20287
411563393,10,2,20287
411824513,18,2,20287
411968213,2,2,20297
412230353,18,2,20297
413024393,6,2,20323
413543777,24,2,19919
413756537,8,2,20341
413821817,16,2,20341
414001433,10,2,20347
414244673,6,2,20353
414262553,18,2,20347
414554417,16,2,20359
414869657,28,2,12101
415218737,24,2,19961
415537457,20,2,20359
415711337,4,2,20389
415711577,8,2,20389
416417297,24,2,19991
416674457,16,2,20411
417285233,26,2,18713
417381233,22,2,20327
417425777,4,2,20431
417617657,24,2,20021
417625193,22,2,20333
417834497,4,2,20441
417834737,8,2,20441
417900017,16,2,20441
418195621,7,5,53
418197541,11,5,53
418438913,22,2,20353
418719781,19,5,53
418963817,28,2,12269
419554313,10,2,20483
419815433,18,2,20483
420345137,24,2,20089
420436073,26,2,18797
420438017,20,2,20479
420439697,28,2,12329
420537053,2,2,20507
420619097,4,2,20509
420684617,16,2,20509
420827417,24,2,20101
421675097,28,2,12379
421972337,28,2,12391
422014913,6,2,20543
422276993,18,2,20543
422409137,16,2,20551
422837033,6,2,20563
422837993,10,2,20563
423243137,24,2,20161
423462857,28,2,12451
423564767,4,3,751
423630287,16,3,751
424072673,10,2,20593
424319057,8,2,20599
424460537,28,2,12491
425798393,22,2,20533
425968577,8,2,20639
426050897,4,2,20641
426209153,22,2,20543
426975953,14,2,20663
427031273,22,2,20563
427099457,20,2,20641
427220657,28,2,12601
427285337,24,2,20261
427674617,28,2,12619
429194093,2,2,20717
429210473,14,2,20717
429276977,4,2,20719
429281057,12,2,20719
429456233,18,2,20717
429774377,4,2,20731
429778457,12,2,20731
430273073,10,2,20743
430586537,16,2,20749
430688033,10,2,20753
430703393,14,2,20753
430822937,20,2,20731
430888193,26,2,19073
430936097,4,2,20759
430940177,12,2,20759
430949153,18,2,20753
431434457,4,2,20771
431518553,10,2,20773
431789417,28,2,12781
432248057,16,2,20789
432896417,24,2,20399
432931253,2,2,20807
432931313,6,2,20807
432932273,10,2,20807
432974153,22,2,20707
433080017,16,2,20809
433193393,18,2,20807
433386137,24,2,20411
433388393,22,2,20717
433798349,8,3,757
434680817,4,2,20849
435014453,2,2,20857
435015473,10,2,20857
435129377,28,2,12911
435276593,18,2,20857
435682133,2,2,20873
435711833,22,2,20773
435944273,18,2,20873
436017713,26,2,19207
436266833,6,2,20887
436371137,28,2,12959
436528913,18,2,20887
436684673,6,2,20897
436833737,16,2,20899
436935413,2,2,20903
436936433,10,2,20903
437461457,28,2,13001
437688497,8,2,20921
437692337,12,2,20921
438711857,28,2,13049
439071617,20,2,20929
439490297,20,2,20939
439876433,22,2,20873
440202377,4,2,20981
440267897,16,2,20981
440711083,1,3,761
440711113,5,3,761
440713129,11,3,761
440842153,17,3,761
441046097,12,2,21001
441384257,28,2,13151
441462377,8,2,21011
441546173,2,2,21013
441547193,10,2,21013
441590537,24,2,20611
441714353,6,2,21017
441798377,4,2,21019
441808313,18,2,21013
443441897,28,2,13229
443819513,10,2,21067
443834873,14,2,21067
444480977,24,2,20681
444750353,26,2,19433
445256297,12,2,21101
445294673,26,2,19447
445505513,6,2,21107
445564937,28,2,13309
445740473,22,2,21013
445794497,20,2,21089
446096657,4,2,21121
446096897,8,2,21121
446857577,8,2,21139
447026513,6,2,21143
447145217,20,2,21121
447345737,16,2,21149
447872573,2,2,21163
448554137,12,2,21179
448558697,28,2,13421
448615577,16,2,21179
448959737,24,2,20789
449037713,26,2,19543
449095937,28,2,13441
449124017,16,2,21191
449143313,6,2,21193
449405393,18,2,21193
449428673,26,2,19553
449906777,8,2,21211
450602753,26,2,19583
451151273,26,2,19597
451379417,20,2,21221
451435013,2,2,21247
451435073,6,2,21247
451458017,24,2,20849
452370377,4,2,21269
452374457,12,2,21269
452435897,16,2,21269
452966093,2,2,21283
452972873,18,2,21277
453337553,22,2,21193
454414553,6,2,21317
454465457,24,2,20921
454500017,8,2,21319
454772993,14,3,769
454800257,24,2,20929
454932473,18,2,21323
455218937,24,2,20939
455503817,16,2,21341
455550497,28,2,13679
456486857,20,2,21341
456979577,24,2,20981
457065737,12,2,21379
457160393,22,2,21283
457232693,2,2,21383
457232753,6,2,21383
457494833,18,2,21383
457578977,12,2,21391
457847993,14,2,21397
458006897,12,2,21401
458239337,24,2,21011
458259713,6,2,21407
458351417,28,2,13781
458521793,18,2,21407
458575577,24,2,21019
458864633,22,2,21323
458950913,22,3,769
459051377,20,2,21401
459389873,14,2,21433
459635633,18,2,21433
460008737,28,2,13841
460507337,28,2,13859
460853513,26,2,19843
461170433,22,2,21377
461433377,4,2,21481
461523137,24,2,21089
461673257,28,2,13901
461867177,12,2,21491
461889919,1,3,773
461953313,18,2,21487
461965433,14,2,21493
462025913,22,2,21397
462380033,10,2,21503
462982313,10,2,21517
463501673,18,2,21523
463501937,12,2,21529
463563377,16,2,21529
463634537,24,2,21139
464057417,24,2,21149
464704313,6,2,21557
464962973,2,2,21563
464966393,18,2,21557
465225857,12,2,21569
465327257,24,2,21179
465566993,6,2,21577
465829073,18,2,21577
465835697,24,2,21191
465839057,20,2,21559
465885473,22,2,21487
465998633,6,2,21587
466428497,28,2,14071
466668737,16,2,21601
466710017,28,2,14081
467122793,10,2,21613
467433833,22,2,21523
467565377,20,2,21599
467651777,20,2,21601
468083897,20,2,21611
468679217,4,2,21649
468679457,8,2,21649
469147577,24,2,21269
469199177,8,2,21661
469718933,2,2,21673
469719953,10,2,21673
469761233,22,2,21577
470168873,14,2,21683
470247497,20,2,21661
470672297,28,2,14221
470933657,8,2,21701
470937497,12,2,21701
471454433,6,2,21713
471469457,28,2,14249
471488993,22,2,21617
471641633,26,2,20113
471981977,20,2,21701
472043993,26,2,20123
472062593,6,2,21727
472498193,10,2,21737
472513553,14,2,21737
472584137,4,2,21739
473110097,12,2,21751
473526497,28,2,14321
474063593,6,2,21773
474064433,18,2,21767
474220193,26,2,20177
474265513,25,3,761
474346793,22,2,21683
474462353,26,2,20183
474674393,10,2,21787
474689753,14,2,21787
475370873,6,2,21803
475387193,14,2,21803
475478777,28,2,14389
475982513,10,2,21817
476160137,12,2,21821
476243633,18,2,21817
476483153,26,2,20233
476941937,4,2,21839
476946017,12,2,21839
477029297,4,2,21841
477991793,10,2,21863
478077857,20,2,21841
478252913,18,2,21863
478257833,22,2,21773
478843697,16,2,21881
478984217,24,2,21499
479319833,14,2,21893
480096017,12,2,21911
480175793,22,2,21817
480275057,24,2,21529
481232033,6,2,21937
481248353,14,2,21937
481494113,18,2,21937
481511633,14,2,21943
482285537,4,2,21961
482289617,12,2,21961
482443097,28,2,14629
482735777,28,2,14639
482794337,28,8,11
482988593,6,2,21977
483497753,22,2,21893
483868013,2,2,21997
483869033,10,2,21997
483884393,14,2,21997
484394153,18,2,22003
484652657,20,2,21991
485189753,10,2,22027
485205113,14,2,22027
485456417,24,2,21649
485689553,22,2,21943
485717777,8,2,22039
485976137,24,2,21661
486250697,12,2,22051
486263537,28,2,14759
486312137,16,2,22051
486617897,28,2,14771
486952493,2,2,22067
486953513,10,2,22067
487182833,22,2,21977
487214633,18,2,22067
487217333,2,2,22073
487233713,14,2,22073
487444427,10,3,787
487459787,14,3,787
487710617,24,2,21701
488012297,4,2,22091
488117033,14,2,22093
488530817,20,2,22079
488807897,4,2,22109
488811977,12,2,22109
488896337,4,2,22111
488900417,12,2,22111
488961857,16,2,22111
489428153,10,2,22123
489692897,8,2,22129
489823673,22,2,22037
489869693,2,2,22133
490755413,2,2,22153
490756433,10,2,22153
490932713,6,2,22157
491021537,8,2,22159
491025377,12,2,22159
491194793,18,2,22157
491411633,22,2,22073
491609177,28,2,14939
491973617,24,2,21799
492069857,20,2,22159
492355817,12,2,22189
492545633,14,2,22193
492933257,24,2,21821
493719137,24,2,21839
494063993,22,2,22133
494128697,8,2,22229
494193977,16,2,22229
494243417,24,2,21851
494929073,6,2,22247
495177017,20,2,22229
496353857,4,2,22279
496892777,12,2,22291
497602253,2,2,22307
497658257,24,2,21929
499209653,2,2,22343
499543337,16,2,22349
500040113,26,2,20807
500282693,2,2,22367
500283713,10,2,22367
500437697,16,2,22369
500723537,28,2,15241
500726393,22,2,22283
501420737,20,2,22369
502142177,24,2,22031
502163537,8,2,22409
502188977,28,2,15289
502405457,20,2,22391
503239493,2,2,22433
503240513,10,2,22433
503255873,14,2,22433
503501633,18,2,22433
504137213,2,2,22453
504476993,22,2,22367
504789497,24,2,22091
504855977,4,2,22469
504921497,16,2,22469
505395377,4,2,22481
505485353,6,2,22483
505501673,14,2,22483
505585097,24,2,22109
505673537,24,2,22111
505819913,22,2,22397
506295017,4,2,22501
506469857,24,2,22129
506810657,16,2,22511
507793697,20,2,22511
508162217,16,2,22541
508203233,14,2,22543
508457657,8,2,22549
509026577,28,2,15511
509450057,4,2,22571
509515577,16,2,22571
509540393,6,2,22573
509556713,14,2,22573
509802473,18,2,22573
510829217,28,2,15569
511347773,2,2,22613
511619177,4,2,22619
511619417,8,2,22619
512240297,24,2,22259
512433773,2,2,22637
512433833,6,2,22637
512528417,12,2,22639
512576081,28,12,5
512614313,26,2,21107
512667737,20,2,22619
512695913,18,2,22637
512701097,28,2,15629
512705513,6,2,22643
512706473,10,2,22643
512758217,20,2,22621
513067817,4,2,22651
513068057,8,2,22651
513326657,28,2,15649
513702377,28,2,15661
513883817,8,2,22669
513887657,12,2,22669
513949097,16,2,22669
514650181,23,3,797
514981433,26,2,21163
515153813,2,2,22697
515154833,10,2,22697
515244617,4,2,22699
515248697,12,2,22699
515930057,20,2,22691
516062093,2,2,22717
516062153,6,2,22717
516063113,10,2,22717
516078473,14,2,22717
516243857,4,2,22721
516244097,8,2,22721
516309377,16,2,22721
516517553,10,2,22727
516899753,22,2,22643
517218617,16,2,22741
517608257,8,2,22751
517673537,16,2,22751
517694393,26,2,21227
518201657,20,2,22741
518427617,8,2,22769
518543873,26,2,21247
518656577,20,2,22751
518791733,2,2,22777
518792753,10,2,22777
518808113,14,2,22777
519065153,6,2,22783
519066113,10,2,22783
519247373,2,2,22787
519475937,20,2,22769
519509513,18,2,22787
519675047,28,3,631
520159253,2,2,22807
520159313,6,2,22807
520175633,14,2,22807
520616513,10,2,22817
520631873,14,2,22817
520877633,18,2,22817
521277257,28,2,15901
522533897,4,2,22859
522629417,12,2,22861
523082897,8,2,22871
523086737,12,2,22871
523125137,28,2,15959
523148177,16,2,22871
523441673,22,2,22787
523582457,20,2,22859
523673897,20,2,22861
524423177,24,2,22531
524747033,14,2,22907
524809793,22,2,22817
525234617,24,2,22549
525372257,4,2,22921
526122353,14,2,22937
526368113,18,2,22937
526381253,2,2,22943
526381313,6,2,22943
526397633,14,2,22943
526453913,22,2,22853
527207537,4,2,22961
527551433,22,2,22877
527759753,10,2,22973
528256097,20,2,22961
528694433,14,2,22993
529057913,26,2,21493
529138013,2,2,23003
529301537,24,2,22639
529483321,13,3,809
529506137,4,2,23011
529798673,14,2,23017
529970537,12,2,23021
530031977,16,2,23021
530348393,26,2,21523
530519177,28,2,16189
531440873,6,2,23053
531493673,22,2,22963
531625253,2,2,23057
531625313,6,2,23057
531717497,4,2,23059
531717737,8,2,23059
531844097,20,2,23039
532271057,4,2,23071
532336577,16,2,23071
532766057,20,2,23059
533021057,24,2,22721
533319617,20,2,23071
534158057,28,2,16301
534230633,26,2,21613
534385217,24,2,22751
534395753,6,2,23117
534460307,20,3,811
535047257,12,2,23131
535204577,24,2,22769
535598513,6,2,23143
535860593,18,2,23143
536091737,20,2,23131
536709893,2,2,23167
536827793,26,2,21673
536929961,29,10,3
536949037,29,7,5
536987933,2,2,23173
537250073,18,2,23173
537442699,29,3,83
537756377,28,2,16411
538379213,2,2,23203
538661777,12,2,23209
539493593,6,2,23227
539755673,18,2,23227
539792753,22,2,23143
539859857,24,2,22871
540904193,22,2,23167
541312817,28,2,16519
541977377,16,2,23279
542048629,29,3,173
542149457,24,2,22921
542563913,6,2,23293
542564873,10,2,23293
543402737,4,2,23311
543838783,29,3,191
543873137,12,2,23321
543984737,24,2,22961
544148993,6,2,23327
544428953,6,2,23333
544917617,20,2,23321
545565833,14,2,23357
545691257,28,2,16651
545811593,18,2,23357
546175697,16,2,23369
546743657,24,2,23021
547024937,28,2,16691
547158737,20,2,23369
547252217,20,2,23371
547513217,4,2,23399
547517297,12,2,23399
548343233,22,2,23327
548372273,14,2,23417
548696537,28,2,16741
549299537,28,2,16759
549520249,29,3,233
549761813,2,2,23447
549778193,14,2,23447
550981733,2,2,23473
550998113,14,2,23473
551045177,28,2,16811
551219819,29,15,3
551240873,26,2,22003
551681033,26,2,22013
552109013,2,2,23497
552413221,27,5,53
553387693,5,3,821
553707977,4,2,23531
553712057,12,2,23531
553721657,20,2,23509
553773497,16,2,23531
554006753,14,2,23537
554079257,28,2,16901
554088617,12,2,23539
554150057,16,2,23539
554559497,12,2,23549
554755697,28,2,16921
554756537,20,2,23531
555133097,20,2,23539
555209513,26,2,22093
555214973,2,2,23563
555215033,6,2,23563
555403553,6,2,23567
555477113,18,2,23563
555665633,18,2,23567
556063577,4,2,23581
556303313,22,2,23497
556358083,29,7,11
556891793,18,2,23593
556916897,12,2,23599
557101673,6,2,23603
557112137,20,2,23581
557117993,14,2,23603
557384897,4,2,23609
557386217,24,2,23251
557442791,10,3,823
558236153,10,2,23627
558308273,18,2,23623
558422297,28,2,17029
558535073,14,2,23633
559409273,22,2,23563
559938593,10,2,23663
560221577,4,2,23669
560221817,8,2,23669
560225657,12,2,23669
560316257,4,2,23671
560600333,2,2,23677
560600393,6,2,23677
560862473,18,2,23677
561073973,2,2,23687
561090353,14,2,23687
561168737,4,2,23689
561172817,12,2,23689
561270137,20,2,23669
561295913,22,2,23603
561776269,23,3,821
562240433,22,2,23623
562595057,12,2,23719
563029561,25,3,809
563373593,26,2,22277
563730053,2,2,23743
563992193,18,2,23743
564131873,22,2,23663
564532673,26,2,22303
564585377,8,2,23761
565609411,7,3,827
565916537,4,2,23789
565920617,12,2,23789
565982057,16,2,23789
567059033,6,2,23813
567345017,8,2,23819
567414137,28,2,17291
567742313,14,2,23827
567916577,4,2,23831
567920657,12,2,23831
567924353,22,2,23743
568011953,6,2,23833
568399313,22,2,23753
569157473,10,2,23857
569418593,18,2,23857
569492657,28,2,17351
569936513,14,2,23873
570182273,18,2,23873
570206657,4,2,23879
570272177,16,2,23879
570485177,24,2,23531
570976673,26,2,22447
571227737,16,2,23899
571705817,16,2,23909
572275217,28,2,17431
572840777,24,2,23581
573350753,22,2,23857
573671297,28,2,17471
573690017,24,2,23599
573937913,6,2,23957
574674377,16,2,23971
574897553,10,2,23977
574912913,14,2,23977
575088377,4,2,23981
575088617,8,2,23981
575295713,26,2,22543
575664053,2,2,23993
575664113,6,2,23993
575680433,14,2,23993
576113537,16,2,24001
576473057,28,2,17551
576649193,26,2,22573
576977897,16,2,24019
577096577,20,2,24001
577458377,16,2,24029
578327993,18,2,24043
578354417,4,2,24049
578354657,8,2,24049
578358497,12,2,24049
578997257,16,2,24061
579090833,22,2,23977
579413297,8,2,24071
579917633,29,16,3
579990893,2,2,24083
580380377,12,2,24091
580412297,24,2,23741
580441817,16,2,24091
580681793,14,2,24097
580954613,2,2,24103
580955633,10,2,24103
581147453,2,2,24107
581147513,6,2,24107
581436773,2,2,24113
582401753,6,2,24133
582402713,10,2,24133
582856913,18,2,24137
583896233,22,2,24077
584628137,12,2,24179
584786297,16,2,24181
585148913,22,2,24103
585672617,20,2,24179
586047353,18,2,24203
587044457,4,2,24229
587529377,8,2,24239
587917073,6,2,24247
588513137,24,2,23911
588577697,20,2,24239
589239377,28,2,17911
589979513,22,2,24203
590589721,1,3,839
590589847,7,3,839
590720791,17,3,839
591316553,6,2,24317
591392297,28,2,17971
591751817,28,2,17981
591865577,24,2,23981
591900497,8,2,24329
592039577,28,2,17989
592111313,22,2,24247
593052799,29,3,383
593214833,26,2,22937
593945657,4,2,24371
594059513,14,2,24373
594305273,18,2,24373
594335897,8,2,24379
594409457,20,2,24359
594823337,4,6,29
594920897,4,2,24391
594924977,12,2,24391
595701713,6,2,24407
595702673,10,2,24407
595871897,20,6,29
595969457,20,2,24391
596010953,14,2,24413
596287817,8,2,24419
596483873,22,2,24337
596733617,28,2,18119
597336137,20,2,24419
597821657,28,2,18149
598021097,24,2,24109
598374827,28,3,691
598549673,26,2,23053
598734113,26,2,23057
598736057,12,2,24469
598927793,6,2,24473
599010833,26,2,23063
600048017,24,2,24151
600075977,28,2,18211
600118433,26,2,23087
600691097,4,2,24509
601249577,20,2,24499
601352113,29,3,401
601497977,24,2,24181
601573733,2,2,24527
602555273,6,2,24547
602556233,10,2,24547
603734057,4,2,24571
603734297,8,2,24571
604096793,26,2,23173
604816673,10,2,24593
605766857,16,2,24611
606223097,28,2,18379
607734737,20,2,24631
608070377,12,2,24659
608131817,16,2,24659
608677457,24,2,24329
608955353,10,2,24677
609009953,22,2,24593
609216473,18,2,24677
609250553,6,2,24683
609711017,16,2,24691
609859073,26,2,23297
610203953,18,2,24697
610538777,12,2,24709
610722857,24,2,24371
611462897,28,2,18521
611583257,20,2,24709
611721293,2,2,24733
612204137,28,2,18541
612513257,8,2,24749
613148633,22,2,24677
613206233,6,2,24763
614041937,24,2,24439
614097977,4,2,24781
614136113,22,2,24697
614163497,16,2,24781
614709233,14,2,24793
614990417,4,2,24799
615146537,20,2,24781
615486737,8,2,24809
616038977,20,2,24799
616096577,24,2,24481
616147577,16,2,24821
616870673,26,2,23447
616933903,29,3,431
617340497,28,2,18679
617373473,6,2,24847
617389793,14,2,24847
619018457,20,2,24859
619217873,26,2,23497
619462577,8,2,24889
619528817,24,2,24551
620359673,10,2,24907
620650493,4,3,853
620956577,4,2,24919
621155933,2,2,24923
621155993,6,2,24923
621172313,14,2,24923
622153313,6,2,24943
622169633,14,2,24943
622478537,24,2,24611
622512353,26,2,23567
622652213,2,2,24953
623059433,22,2,24877
623367473,14,2,24967
623550857,4,2,24971
623738513,26,2,23593
623850533,2,2,24977
623850593,6,2,24977
623866913,14,2,24977
623950697,8,2,24979
624097337,28,2,18859
624350417,24,4,157
624843497,24,2,24659
625650173,2,2,25013
625651193,10,2,25013
625666553,14,2,25013
626867753,14,2,25037
627709193,26,2,23677
628115393,18,2,25057
628655333,2,2,25073
629358593,10,2,25087
629422921,7,3,857
629859413,2,2,25097
629860433,10,2,25097
630627857,16,2,25111
630875177,24,2,24781
631028873,26,2,23747
631045673,22,2,25037
631366133,2,2,25127
632264393,26,2,23773
632372633,10,2,25147
632520017,28,2,19081
632673413,2,2,25153
632689793,14,2,25153
632935553,18,2,25153
633176573,2,2,25163
633192953,14,2,25163
633583337,12,2,25171
633644777,16,2,25171
633840803,10,3,859
634048097,28,2,19121
634183493,2,2,25183
634184513,10,2,25183
634445633,18,2,25183
634747097,24,2,24859
635057993,22,2,25117
635120753,26,2,23833
636002057,12,2,25219
636239537,24,2,24889
636502697,8,2,25229
636567977,16,2,25229
636831653,26,3,829
636906233,6,2,25237
637730393,14,2,25253
638266817,28,2,19231
640140617,4,2,25301
640241873,6,2,25303
640328057,24,2,24971
640503953,18,2,25303
640545497,4,2,25309
641153297,8,2,25321
641157137,12,2,25321
641218577,16,2,25321
642064937,4,2,25339
642069017,12,2,25339
642267653,2,2,25343
642284033,14,2,25343
642772913,26,2,23993
642977513,6,2,25357
642978473,10,2,25357
643239593,18,2,25357
643328177,24,2,25031
643444913,26,2,24007
643746833,18,2,25367
645174713,26,2,24043
645617537,8,2,25409
645718937,4,2,25411
645723017,12,2,25411
647550833,10,2,25447
647811953,18,2,25447
647871593,14,2,25453
648626513,18,2,25463
649703633,26,2,24137
651423593,6,2,25523
652342937,8,2,25541
652400513,18,2,25537
653364977,8,2,25561
655513613,2,2,25603
655514633,10,2,25603
655529993,14,2,25603
655777217,28,2,19681
655820897,4,2,25609
655821137,8,2,25609
655845497,20,2,25589
656332673,22,2,25537
656869457,20,2,25609
657362417,12,2,25639
658281653,2,2,25657
658281713,6,2,25657
658298033,14,2,25657
658425353,26,2,24317
658853537,28,2,19759
659057033,18,2,25667
659103953,10,2,25673
659119313,14,2,25673
659707913,22,2,25603
660131273,10,2,25693
660459617,20,2,25679
660645233,10,2,25703
660906353,18,2,25703
661151993,26,2,24373
661365113,10,2,25717
662188313,10,2,25733
662268293,28,3,733
662394497,24,2,25409
662449433,18,2,25733
662599097,4,2,25741
662664617,16,2,25741
663919937,24,2,25439
664324553,22,2,25693
665202017,28,2,19919
665691617,4,2,25801
665691857,8,2,25801
665695697,12,2,25801
666381593,22,2,25733
667669337,20,2,25819
668329553,18,2,25847
668875577,28,2,20011
668976953,26,2,24533
669219377,20,2,25849
669275897,28,2,20021
669363833,18,2,25867
670141937,24,2,25561
670965473,6,2,25903
671227553,18,2,25903
671280497,28,2,20071
671794817,8,2,25919
671798657,12,2,25919
672420857,12,2,25931
672831737,4,2,25939
673040273,10,2,25943
673400993,26,2,24623
673519937,16,2,25951
674389217,8,2,25969
674502977,20,2,25951
676156073,6,2,26003
676418153,18,2,26003
676884353,6,2,26017
677157977,16,2,26021
677233553,22,2,25943
677243417,28,2,20219
677508857,4,2,26029
677509097,8,2,26029
678291673,29,3,521
678557417,20,2,26029
679376297,24,2,25741
680315033,26,2,24763
680339273,14,2,26083
680350313,22,2,26003
680513153,26,2,24767
681888773,2,2,26113
682365617,24,2,25799
683351897,4,2,26141
683806033,13,3,881
683979473,6,2,26153
684398177,8,2,26161
684463457,16,2,26161
684921257,4,2,26171
684925337,12,2,26171
684986777,16,2,26171
685044377,28,2,20411
685235333,2,2,26177
685235393,6,2,26177
685236353,10,2,26177
685497473,18,2,26177
685549493,2,2,26183
685565873,14,2,26183
685769753,22,2,26107
685863977,8,2,26189
685867817,12,2,26189
686859353,18,2,26203
687467513,26,2,24907
687855593,6,2,26227
688117673,18,2,26227
688264793,26,2,24923
688466411,10,3,883
688481771,14,3,883
688571777,24,2,25919
689075537,16,2,26249
689193977,24,2,25931
689262113,26,2,24943
689429633,22,2,26177
689608937,24,2,25939
689640137,4,2,26261
689644217,12,2,26261
689761073,26,2,24953
690217433,18,2,26267
691532213,2,2,26297
692000207,28,3,751
692163737,8,2,26309
692584493,2,2,26317
692860577,16,2,26321
694164413,2,2,26347
694164473,6,2,26347
694286057,24,2,26029
694791497,20,2,26339
694910897,24,2,26041
695516153,22,2,26293
696139217,28,2,20681
696590513,6,2,26393
696778793,22,2,26317
697591793,18,2,26407
697712417,28,2,20719
697857893,2,2,26417
697858913,10,2,26417
697864231,7,3,887
697955777,20,2,26399
698175953,10,2,26423
698388391,19,3,887
698474993,26,2,25127
698885753,22,2,26357
698979377,24,2,26119
699371537,28,2,20759
699553697,12,2,26449
700078697,4,2,26459
700144217,16,2,26459
700468073,22,2,26387
701127257,20,2,26459
701141537,12,2,26479
701667377,8,2,26489
701698457,24,2,26171
702092033,10,2,26497
702303257,8,2,26501
704318777,8,2,26539
704519873,26,2,25247
705486737,4,2,26561
705787217,24,2,26249
705915857,12,4,163
705977297,16,4,163
706252711,23,3,887
706458497,28,2,20929
707350673,26,2,25303
707715137,28,2,20959
708637817,28,2,20981
708940697,24,2,26309
709259273,18,2,26627
709316693,2,2,26633
709316753,6,2,26633
709376513,26,2,25343
709468553,22,2,26557
709746977,12,2,26641
710062673,6,2,26647
710086313,26,2,25357
710593553,26,2,25367
711594713,22,2,26597
711875777,4,2,26681
711876017,8,2,26681
712001177,28,2,21061
712516253,2,2,26693
712778393,18,2,26693
712924337,20,2,26681
712943657,8,2,26701
712947497,12,2,26701
713008937,16,2,26701
713477537,4,2,26711
713687657,28,2,21101
713798153,6,2,26717
714118793,6,2,26723
714256913,22,2,26647
714380873,18,2,26723
714439457,4,2,26729
714443537,12,2,26729
714532097,28,2,21121
714546377,4,2,26731
714924811,9,5,59
714964073,26,2,25453
715129313,18,2,26737
715292777,28,2,21139
715594937,20,2,26731
716985497,28,2,21179
717493937,28,2,21191
717992393,22,2,26717
718293857,8,2,26801
718532393,26,2,25523
718766297,28,2,21221
719342177,20,2,26801
719431577,16,2,26821
720010913,10,2,26833
720872897,12,2,26849
721380497,20,2,26839
721578857,16,2,26861
721620773,2,2,26863
721637153,14,2,26863
722546177,16,2,26879
722588177,4,2,26881
722622473,26,2,25603
723131273,22,2,26813
723233453,2,2,26893
723233513,6,2,26893
723312907,23,5,59
723495593,18,2,26893
723529217,20,2,26879
723858497,24,2,26591
724204193,22,2,26833
724672313,26,2,25643
724744337,12,2,26921
725063333,2,2,26927
726464273,6,2,26953
726520097,24,2,26641
726853217,16,2,26959
727836257,20,2,26959
728314553,14,2,26987
728622053,2,2,26993
728623073,10,2,26993
729296153,26,2,25733
729594377,8,2,27011
729598217,12,2,27011
729868817,28,2,21481
730642457,28,2,21499
730740497,16,2,27031
731323913,6,2,27043
732363257,16,2,27061
732387713,26,2,25793
732623513,10,2,27067
732816353,22,2,26993
732963713,14,2,27073
733180313,14,2,27077
733238057,20,2,27059
733426073,18,2,27077
734588993,14,2,27103
734789513,6,2,27107
734834753,18,2,27103
734898137,8,2,27109
734901977,12,2,27109
734970857,20,2,27091
735038657,28,2,21601
735874133,2,2,27127
735946457,20,2,27109
736816793,22,2,27067
737634377,28,2,21661
738698057,4,2,27179
738983753,22,2,27107
739677833,10,2,27197
739693193,14,2,27197
739746617,20,2,27179
740936753,22,2,27143
741019577,28,2,21739
741963137,4,2,27239
742726013,2,2,27253
743707457,4,2,27271
743871113,22,2,27197
743993153,26,2,26017
744034793,6,2,27277
744257057,12,2,27281
744624233,18,2,27283
745398769,29,3,593
746142659,4,3,907
746142899,8,3,907
746159027,14,3,907
746874257,4,2,27329
747191219,20,3,907
747573713,18,2,27337
747922817,20,2,27329
748624577,8,2,27361
748966697,24,2,27059
750336947,22,3,907
750595613,2,2,27397
750595673,6,2,27397
750611993,14,2,27397
750699497,24,2,27091
750857753,18,2,27397
751318817,16,2,27409
751792711,29,3,599
752301857,20,2,27409
752344193,26,2,26177
752459777,4,2,27431
752460017,8,2,27431
752805353,14,2,27437
753051113,18,2,27437
753706073,26,2,26203
753887873,10,2,27457
754152977,28,2,22039
754789913,22,2,27397
755095457,4,2,27479
755095697,8,2,27479
755209457,12,2,27481
755270897,16,2,27481
755337953,22,2,27407
755797313,18,2,27487
756058033,1,3,911
756189103,17,3,911
756253937,20,2,27481
756434633,22,2,27427
756745097,4,2,27509
756745337,8,2,27509
757243337,28,2,22109
757331777,28,2,22111
757735733,2,2,27527
757736753,10,2,27527
757752113,14,2,27527
757793657,20,2,27509
757846097,8,2,27529
758128097,28,2,22129
758462057,16,2,27539
759057617,4,2,27551
759057857,8,2,27551
760484657,24,2,27271
760711577,4,2,27581
760787177,28,2,22189
761800313,26,2,26357
762367337,4,2,27611
762371417,12,2,27611
762432857,16,2,27611
762563897,28,2,22229
762715073,14,2,27617
763415897,20,2,27611
764356613,2,2,27647
764356673,6,2,27647
764438513,26,2,26407
764520737,20,2,27631
764966753,26,2,26417
765401537,24,2,27361
765794993,6,2,27673
765811313,14,2,27673
766857017,16,2,27691
766892993,22,2,27617
767123813,2,2,27697
767124833,10,2,27697
767345417,4,2,27701
767729297,20,2,27689
769381433,18,2,27733
769452377,8,2,27739
769603313,18,2,27737
769674053,2,2,27743
769792337,28,2,22391
770224817,24,2,27449
770598737,28,2,22409
771046313,18,2,27763
771355913,14,2,27773
771738377,16,2,27779
771872657,24,2,27479
772343777,12,2,27791
772383113,26,2,26557
772451873,10,2,27793
773006873,6,2,27803
773233193,26,2,26573
773291417,28,2,22469
773522297,24,2,27509
773830817,28,2,22481
773868353,22,2,27743
774342953,10,2,27827
775283897,24,2,27541
775455413,2,2,27847
776152583,10,3,919
776726777,20,2,27851
777723833,18,2,27883
778019513,6,2,27893
779358893,2,2,27917
779359913,10,2,27917
779470577,4,2,27919
779470817,8,2,27919
779621033,18,2,27917
779649713,22,2,27847
780765017,16,2,27941
780811253,2,2,27943
780811313,6,2,27943
781296953,18,2,27947
781370273,6,2,27953
781503257,28,2,22651
781655993,22,2,27883
781817537,4,2,27961
781976033,26,2,26737
782415233,18,2,27967
783048293,2,2,27983
783049313,10,2,27983
783064673,14,2,27983
783553193,22,2,27917
783568697,24,2,27691
784121537,16,2,28001
784122617,24,2,27701
784134137,28,2,22709
784679297,28,2,22721
785104577,20,2,28001
785229113,22,2,27947
785802497,16,2,28031
786043457,28,2,22751
786045833,26,2,26813
786858857,8,2,28051
786924137,16,2,28051
787457393,18,2,28057
788879573,2,2,28087
788895953,14,2,28087
789457793,14,2,28097
789557897,12,2,28099
790116137,8,2,28109
790181417,16,2,28109
790342313,26,2,26893
790903133,2,2,28123
790903193,6,2,28123
791276897,20,2,28111
791389553,22,2,28057
792891257,28,2,22901
793154573,2,2,28163
793154633,6,2,28163
793155593,10,2,28163
793807697,28,2,22921
794169017,8,2,28181
794172857,12,2,28181
794234297,16,2,28181
794282513,10,2,28183
795642977,28,2,22961
795860777,8,2,28211
795864617,12,2,28211
795926057,16,2,28211
799230977,28,2,23039
799767377,16,2,28279
799850873,18,2,28277
799929113,10,2,28283
799944473,14,2,28283
800190233,18,2,28283
800750417,20,2,28279
801286253,2,2,28307
801287273,10,2,28307
801548393,18,2,28307
801767137,11,3,929
801773281,13,3,929
801841577,24,2,28019
801966017,8,2,28319
802514177,24,2,28031
802982993,26,2,27127
803635817,24,2,28051
803669897,12,2,28349
803844737,16,2,28351
804122393,22,2,28283
804714377,20,2,28349
806178833,14,2,28393
806721857,28,2,23201
806730413,2,2,28403
806731433,10,2,28403
806893097,24,2,28109
808451873,14,2,28433
808776977,8,2,28439
808842257,16,2,28439
809256017,24,2,28151
809493953,18,2,28447
809825297,20,2,28439
810142373,2,2,28463
810142433,6,2,28463
810153697,23,3,929
810158753,14,2,28463
810356753,22,2,28393
810924713,22,2,28403
812193017,4,2,28499
812193257,8,2,28499
813007553,14,2,28513
813144377,28,2,23339
814360433,6,2,28537
814622513,18,2,28537
815110937,16,2,28549
815315989,29,3,653
815682017,16,2,28559
815730977,8,8,13
815948657,28,2,23399
816045353,22,2,28493
816367577,16,2,28571
816479057,24,2,28279
816824777,16,2,28579
817350617,20,2,28571
817413593,22,2,28517
817807817,20,2,28579
818050553,18,2,28597
818554673,22,2,28537
818622593,18,2,28607
819051257,12,2,28619
819125513,22,2,28547
819734417,8,2,28631
820210217,20,2,28621
820443017,24,2,28349
821240033,14,2,28657
821453177,8,2,28661
821518457,16,2,28661
821915657,12,2,28669
822644033,26,2,27487
822673337,14,3,937
822944033,6,2,28687
823062091,29,3,659
823518833,10,2,28697
823848497,24,2,28409
823862213,2,2,28703
824321777,8,2,28711
824325617,12,2,28711
825011753,10,2,28723
825027113,14,2,28723
825272873,18,2,28723
825417953,22,2,28657
825820337,28,2,23609
825877223,28,3,823
826620017,4,2,28751
826997153,18,2,28753
827145617,16,2,28759
827835977,16,2,28771
829036853,2,2,28793
829036913,6,2,28793
829859633,14,2,28807
830189993,10,2,28813
830451113,18,2,28813
830681633,18,2,28817
831797273,26,2,27653
831822617,24,2,28549
831935033,14,2,28843
832393697,24,2,28559
832507937,24,8,13
832842137,8,2,28859
833303693,2,2,28867
833303753,6,2,28867
833368693,17,3,941
833600177,16,2,28871
835333337,16,2,28901
835730297,4,2,28909
835780217,28,2,23819
836352017,28,2,23831
836450033,26,2,27737
836778857,20,2,28909
837118493,2,2,28933
837497993,22,2,28867
838110137,16,2,28949
838688777,24,2,28669
838739777,8,2,28961
838805057,16,2,28961
839782457,4,2,28979
839788097,20,2,28961
841032497,28,2,23929
841986293,2,2,29017
841987313,10,2,29017
842218697,8,2,29021
842283977,16,2,29021
842570657,20,2,29009
843260423,26,3,919
844425737,8,2,29059
844483457,28,2,24001
844570553,26,2,27883
844600397,12,5,61
844658993,10,2,29063
845128313,26,2,27893
845471993,6,2,29077
845583737,24,2,28789
846467753,26,2,27917
846528833,22,2,29023
847920113,26,2,27943
848411273,18,2,29123
848498657,4,2,29129
848502737,12,2,29129
848811737,28,2,24091
848852273,22,2,29063
848964773,2,2,29137
849226913,18,2,29137
849898433,10,2,29153
850311857,24,2,28871
852045017,24,2,28901
852698417,4,2,29201
852698657,8,2,29201
852702497,12,2,29201
853048853,2,2,29207
853048913,6,2,29207
853059497,28,2,24179
853065233,14,2,29207
853741913,22,2,29147
853866857,4,2,29221
855258233,22,2,29173
855415193,18,2,29243
855479897,28,2,24229
855499937,20,2,29231
855621257,8,2,29251
856550273,26,2,28097
856674617,8,2,29269
856678457,12,2,29269
857666731,23,3,947
857728433,6,2,29287
858002417,28,2,24281
858576353,18,2,29297
858682193,14,2,29303
859134977,8,2,29311
860424953,6,2,29333
860781017,12,2,29339
860842457,16,2,29339
861246473,6,2,29347
861508553,18,2,29347
863258777,28,6,29
863622833,18,2,29383
863713337,4,2,29389
863857913,18,2,29387
864301457,8,2,29399
865072457,16,2,29411
865392377,24,2,29131
865440713,22,2,29347
865523179,1,3,953
865523209,5,3,953
865654249,17,3,953
865712993,6,2,29423
865729313,14,2,29423
866066297,8,2,29429
866131577,16,2,29429
866536973,2,2,29437
866890253,2,2,29443
866891273,10,2,29443
867036953,26,2,28283
867167417,28,2,24469
867495593,14,2,29453
867790073,22,2,29387
868395113,26,2,28307
869247293,2,2,29483
869942897,24,2,29209
870313097,12,2,29501
870644057,24,2,29221
871673513,22,2,29453
872145497,16,2,29531
872398217,24,2,29251
872450753,14,2,29537
872930633,26,2,28387
873271313,26,2,28393
874136777,28,2,24611
874208513,10,2,29567
874223873,14,2,29567
874562393,6,2,29573
874578713,14,2,29573
875374337,20,2,29569
875406953,14,2,29587
875911937,24,2,29311
876104897,12,2,29599
876166337,16,2,29599
876815417,12,2,29611
877093697,28,2,24671
877554137,24,2,29339
878048393,26,2,28477
879637457,20,2,29641
879894593,10,2,29663
880249577,4,2,29669
880253657,12,2,29669
880368497,8,2,29671
880433777,16,2,29671
881078417,24,2,29399
881342633,18,2,29683
882040073,26,2,28547
882533417,28,2,24781
883100093,2,2,29717
883921937,28,2,24809
884527097,4,2,29741
885575657,20,2,29741
885598097,4,2,29759
885602177,12,2,29759
885663617,16,2,29759
886007657,28,2,24851
886613993,26,2,28627
887388617,12,2,29789
887503697,4,6,31
887530313,26,2,28643
887651033,22,2,29723
888480953,18,2,29803
889085933,28,3,853
890247593,10,2,29837
891147737,16,2,29851
891986297,28,2,24971
892820177,16,2,29879
892878017,24,2,29599
893803217,20,2,29879
893922737,20,2,29881
895043273,14,2,29917
895266497,8,2,29921
895289033,18,2,29917
895749137,12,4,173
896822813,2,2,29947
896823833,10,2,29947
898590257,20,2,29959
898980353,6,2,29983
898996673,14,2,29983
899027513,26,2,28843
899500097,28,2,25121
899819633,22,2,29927
900412553,26,2,28867
900660377,8,2,30011
900780233,6,2,30013
901017113,22,2,29947
901304297,24,2,29741
902014697,28,2,25171
902789417,20,2,30029
902822273,6,2,30047
903174593,22,2,29983
903543497,4,2,30059
904161737,24,2,29789
904227353,26,2,28933
904231067,2,3,967
904269137,12,2,30071
904433417,28,2,25219
905830433,10,2,30097
905949977,24,2,29819
906091553,18,2,30097
906190673,6,2,30103
906191633,10,2,30103
906552137,8,2,30109
906809153,14,2,30113
907054913,18,2,30113
907154177,4,2,30119
907158257,12,2,30119
908980937,28,2,25309
909685937,4,2,30161
910023713,22,2,30097
910384913,22,2,30103
910500377,28,2,25339
910734497,20,2,30161
910958297,16,2,30181
910987073,22,2,30113
911254973,2,2,30187
912120953,18,2,30197
912483353,18,2,30203
912522257,24,4,173
912580793,26,2,29077
913446113,14,2,30223
913691873,18,2,30223
914154377,28,2,25411
914522177,12,2,30241
915245033,10,2,30253
915506803,13,3,971
915607337,8,2,30259
915629683,17,3,971
916073633,26,2,29137
916277897,16,2,30269
917207297,28,2,25471
917382017,20,2,30271
917437337,24,2,30011
918530633,14,2,30307
918776393,18,2,30307
918878993,10,2,30313
919241777,4,2,30319
919307297,16,2,30319
919438313,22,2,30253
919484393,6,2,30323
919500713,14,2,30323
920320697,24,2,30059
920940413,2,2,30347
922155713,10,2,30367
923329097,24,2,30109
923491577,8,2,30389
923613137,8,2,30391
924604553,18,2,30403
924661457,20,2,30391
924837233,26,2,29287
925423073,26,2,29297
925774673,26,2,29303
925793777,28,2,25639
925802393,6,2,30427
925803353,10,2,30427
926064473,18,2,30427
926945777,24,2,30169
927141857,8,2,30449
927145697,12,2,30449
928238153,6,2,30467
928360217,8,2,30469
929408537,20,2,30469
929481737,24,2,30211
929823113,6,2,30493
929996633,22,2,30427
930067013,2,2,30497
930068033,10,2,30497
930749657,20,2,30491
931288313,10,2,30517
932019857,4,2,30529
932085377,16,2,30529
932432393,22,2,30467
932574961,7,3,977
932630537,4,2,30539
933110657,24,2,30271
933486833,10,2,30553
933645833,26,2,29437
933747953,18,2,30553
933852497,4,2,30559
933852737,8,2,30559
933999113,26,2,29443
934952933,2,2,30577
935056217,28,2,25819
935948033,14,2,30593
936018977,24,2,30319
936193793,18,2,30593
938642153,14,2,30637
939009833,14,2,30643
939361457,8,2,30649
940775777,16,2,30671
942305813,2,2,30697
942322193,14,2,30697
942863297,20,2,30689
942920873,10,2,30707
943187753,22,2,30643
943288433,6,2,30713
943289393,10,2,30713
943550513,18,2,30713
944164913,14,2,30727
945137177,24,2,30469
945944297,28,2,26029
945993053,2,2,30757
945994073,10,2,30757
946009433,14,2,30757
946362233,6,2,30763
946978553,10,2,30773
947469977,4,2,30781
947482673,22,2,30713
948189353,26,2,29683
948518537,20,2,30781
948825833,10,2,30803
949194497,4,2,30809
949198577,12,2,30809
950565593,26,2,29723
951784217,4,2,30851
951788297,12,2,30851
952277897,4,2,30859
952281977,12,2,30859
953018897,8,2,30871
953943737,20,2,30869
955490177,8,2,30911
955555457,16,2,30911
956538497,20,2,30911
956726777,4,2,30931
956727017,8,2,30931
956730857,12,2,30931
956792297,16,2,30931
957098033,6,2,30937
957355433,26,2,29837
957775337,20,2,30931
959146553,26,2,29867
959203097,8,2,30971
959268377,16,2,30971
959575553,10,2,30977
959836673,18,2,30977
961806233,6,2,31013
962068313,18,2,31013
962734193,26,2,29927
964910033,6,2,31063
965283017,8,2,31069
965286857,12,2,31069
965342657,28,2,26399
965904497,8,2,31079
966089153,26,2,29983
966650297,4,2,31091
966650537,8,2,31091
969641417,12,2,31139
969672377,24,2,30869
970135613,2,2,31147
970385057,8,2,31151
970450337,16,2,31151
970525793,14,2,31153
970685897,20,2,31139
972006353,10,2,31177
972258857,12,2,31181
972395873,14,2,31183
972753737,4,2,31189
973004273,10,2,31193
973242287,4,3,991
973242527,8,3,991
973265393,18,2,31193
973303337,20,2,31181
973503977,24,2,30931
974329913,22,2,31147
974347217,28,4,163
974626217,8,2,31219
974703713,22,2,31153
975137873,18,2,31223
975375617,8,2,31231
975674537,20,2,31219
976504097,12,2,31249
976565537,16,2,31249
977129177,12,2,31259
977625353,6,2,31267
977875697,8,2,31271
977879537,12,2,31271
978251753,10,2,31277
978363833,26,2,30187
978955577,24,2,31019
978967673,26,2,30197
980128313,6,2,31307
980538593,26,2,30223
980569313,22,2,31247
980945297,16,2,31319
981272057,28,2,26699
981643073,18,2,31327
981819593,22,2,31267
982269713,18,2,31337
982445033,22,2,31277
982874897,28,2,26729
983416519,25,3,983
984645737,12,2,31379
985143773,2,2,31387
985144793,10,2,31387
985160153,14,2,31387
985394897,4,2,31391
985575233,22,2,31327
985690217,20,2,31379
986033753,18,2,31397
986201873,22,2,31337
986414537,24,2,31139
986443457,20,2,31391
987455753,22,2,31357
988049273,26,2,30347
989263553,26,2,30367
989530937,24,2,31189
990297977,4,2,31469
990302057,12,2,31469
991063673,18,2,31477
991403177,24,2,31219
991451273,26,2,30403
991557137,4,2,31489
991561217,12,2,31489
991622657,16,2,31489
992075549,20,3,997
992947217,12,2,31511
993008657,16,2,31511
993070193,10,2,31513
993337673,14,2,31517
994791857,28,2,26951
994838777,12,2,31541
994900217,16,2,31541
995221277,22,3,997
995883257,20,2,31541
996476513,10,2,31567
996737633,18,2,31567
997175873,26,2,30497
997486913,10,2,31583
997515593,22,2,31517
997748033,18,2,31583
998396153,26,2,30517
998623217,4,2,31601
998627297,12,2,31601
998688737,16,2,31601
999002453,2,2,31607
1001280473,10,2,31643
1001418857,24,2,31379
1001659457,8,2,31649
1002165653,2,2,31657
1002166673,10,2,31657
1002357737,28,2,27091
1002427793,18,2,31657
1002799913,10,2,31667
1004066033,6,2,31687
1004066993,10,2,31687
1004826617,4,2,31699
1004826857,8,2,31699
1006222097,8,2,31721
1006348793,6,2,31723
1006349753,10,2,31723
1006602533,2,2,31727
1006610873,18,2,31723
1006729697,8,2,31729
1006739873,22,2,31663
1006993193,22,2,31667
1007075177,24,2,31469
1007556617,16,2,31741
1008126257,8,2,31751
1009174577,20,2,31751
1009269377,4,2,31769
1009720337,24,2,31511
1010028713,26,2,30707
1010796833,22,2,31727
1011488537,28,2,27259
1012321493,2,2,31817
1012321553,6,2,31817
1012337873,14,2,31817
1013101913,26,2,30757
1014358817,4,2,31849
1014493553,18,2,31847
1014996137,8,2,31859
1015061417,16,2,31859
1015889153,10,2,31873
1016515793,22,2,31817
1017101417,16,2,31891
1021486313,26,2,30893
1021511993,18,2,31957
1021649753,14,2,31963
1021895513,18,2,31963
1022289113,14,2,31973
1022534873,18,2,31973
1022788457,12,2,31981
1023530897,28,2,27479
1024192073,6,2,32003
1024580177,12,2,32009
1024641617,16,2,32009
1025624657,20,2,32009
1025729753,10,2,32027
1026173657,24,2,31771
1026281297,28,2,27529
1026467033,22,2,31973
1026625697,4,4,179
1026629777,12,4,179
1027674257,20,4,179
1028036033,6,2,32063
1028052353,14,2,32063
1028298113,18,2,32063
1028424857,12,2,32069
1028915033,26,2,31013
1028933933,2,2,32077
1029319913,10,2,32083
1029769457,16,2,32089
1030345817,4,2,32099
1030349897,12,2,32099
1031695697,16,2,32119
1032230273,22,2,32063
1033043897,4,2,32141
1033044137,8,2,32141
1033188833,14,2,32143
1033434593,18,2,32143
1034201537,8,2,32159
1035116177,28,2,27689
1035118313,14,2,32173
1035249857,20,2,32159
1035695993,22,2,32117
1036135817,12,2,32189
1036264577,12,2,32191
1037033273,6,2,32203
1037034233,10,2,32203
1037366753,22,2,32143
1038966293,2,2,32233
1038966353,6,2,32233
1039296233,22,2,32173
1039486313,18,2,32237
1040192537,16,2,32251
1040530433,14,2,32257
1040837657,16,2,32261
1041820697,20,2,32261
1043096213,2,2,32297
1043097233,10,2,32297
1043225657,8,2,32299
1043358353,18,2,32297
1043483813,2,2,32303
1043871737,8,2,32309
1043875577,12,2,32309
1043937017,16,2,32309
1044777353,10,2,32323
1045038473,18,2,32323
1045197977,24,2,32069
1045940297,4,2,32341
1045944377,12,2,32341
1047104897,4,2,32359
1047364793,10,2,32363
1047817697,16,2,32369
1047947177,16,2,32371
1048270193,6,2,32377
1048286513,14,2,32377
1048533257,12,2,32381
1050252977,28,2,27961
1050472937,4,2,32411
1052491457,28,2,28001
1052629313,26,2,31393
1052908937,24,2,32189
1053037697,24,2,32191
1054106093,2,2,32467
1056707153,18,2,32503
1056978017,28,2,28081
1058089987,7,3,1019
1058098051,13,3,1019
1058265977,4,2,32531
1058396153,6,2,32533
1058614147,19,3,1019
1058663777,28,2,28111
1059314537,20,2,32531
1060002617,24,2,32299
1060222817,12,2,32561
1060743857,12,2,32569
1061000333,2,2,32573
1061001353,10,2,32573
1061016713,14,2,32573
1061262473,18,2,32573
1061391257,4,2,32579
1061391497,8,2,32579
1061395337,12,2,32579
1062322073,26,2,31547
1062439817,20,2,32579
1062717497,24,2,32341
1062850673,22,2,32537
1062971993,14,2,32603
1063347137,8,2,32609
1063412417,16,2,32609
1063477577,8,2,32611
1064129897,8,2,32621
1064133737,12,2,32621
1064295977,28,2,28211
1064913713,10,2,32633
1065826673,6,2,32647
1066088753,18,2,32647
1066218473,6,2,32653
1066219433,10,2,32653
1067250137,24,2,32411
1068137297,28,2,28279
1068388313,26,2,31643
1068440993,10,2,32687
1068456353,14,2,32687
1069764233,14,2,32707
1069834937,28,2,28309
1069907753,26,2,31667
1070402153,6,2,32717
1070412713,22,2,32653
1070532977,4,2,32719
1072101257,28,2,28349
1072497017,4,2,32749
1072634273,22,2,32687
1073283377,8,4,181
1073711393,26,2,31727
1073741833,30,2,3
1073741993,30,2,13
1073742113,30,2,17
1073742353,30,2,23
1073747153,30,2,73
1073769713,30,2,167
1073836073,30,2,307
1073862233,30,2,347
1073880953,30,2,373
1073888513,30,2,383
1074015353,30,2,523
1074052073,30,2,557
1074160433,30,2,647
1074194753,30,2,673
1074208313,30,2,683
1074314873,30,2,757
1074339353,30,2,773
1074466937,12,2,32779
1074528593,30,2,887
1074638633,30,2,947
1074735833,30,2,997
1075071233,30,2,1153
1075094393,30,2,1163
1075122617,12,2,32789
1075336147,30,13,3
1075424033,30,2,1297
1075439633,30,2,1303
1075626953,30,2,1373
1075970873,30,2,1493
1076036813,2,2,32803
1076053193,14,2,32803
1076197313,30,2,1567
1076292233,30,2,1597
1076388953,30,2,1627
1076520713,30,2,1667
1076643497,28,2,28429
1077227513,30,2,1867
1077378473,30,2,1907
1077401393,30,2,1913
1077878657,12,2,32831
1078005953,6,2,32833
1078022273,14,2,32833
1078334273,30,2,2143
1078399937,4,2,32839
1078524793,30,14,3
1078679033,14,2,32843
1079250233,30,2,2347
1079612753,30,2,2423
1079729633,30,2,2447
1079837513,22,2,32797
1079877353,30,2,2477
1080006833,30,2,2503
1080254537,24,2,32611
1080628457,28,2,28499
1080748433,30,2,2647
1081320833,30,2,2753
1081398113,30,2,2767
1081453553,30,2,2777
1081904273,30,2,2857
1082134433,30,2,2897
1082250713,30,2,2917
1082856953,22,2,32843
1082965193,30,2,3037
1083002537,8,2,32909
1083480857,28,2,28549
1083528893,2,2,32917
1083529913,10,2,32917
1083898793,30,2,3187
1084349873,30,2,3257
1084582493,2,2,32933
1084598873,14,2,32933
1085043257,16,2,32939
1085109737,8,2,32941
1085113577,12,2,32941
1085749073,22,2,32887
1085880737,28,2,28591
1086163913,6,2,32957
1086164873,10,2,32957
1086180233,14,2,32957
1086579713,30,2,3583
1086824513,30,2,3617
1086959057,12,2,32969
1087087097,8,2,32971
1087409633,30,2,3697
1087723193,22,2,32917
1088158553,14,2,32987
1088169617,28,2,28631
1088538053,2,2,32993
1088742233,26,2,31963
1088934257,8,2,32999
1088999537,16,2,32999
1089006473,30,2,3907
1089084713,30,2,3917
1089289073,30,2,3943
1089320633,30,2,3947
1090258573,29,3,821
1090331153,30,2,4073
1090518593,6,2,33023
1090715657,24,2,32771
1090989233,30,2,4153
1091443373,2,2,33037
1092072593,22,2,32983
1092500873,6,2,33053
1092517193,14,2,33053
1092762953,18,2,33053
1093075433,30,2,4397
1093304753,30,2,4423
1093660193,30,2,4463
1093691057,4,2,33071
1093695137,12,2,33071
1093839113,30,2,4483
1094052473,22,2,33013
1094145113,30,2,4517
1094417033,30,2,4547
1094739617,20,2,33071
1094760113,26,2,32057
1095429473,30,2,4657
1095912793,1,3,1031
1095912823,5,3,1031
1095912919,7,3,1031
1095920983,13,3,1031
1096427753,26,2,32083
1097781233,30,2,4903
1098115793,30,2,4937
1098472553,30,2,4973
1098611993,30,2,4987
1098679193,22,2,33083
1098972353,30,2,5023
1099054337,16,2,33151
1099651937,4,2,33161
1099884593,30,2,5113
1100281313,26,2,32143
1100846297,8,2,33179
1101126113,30,2,5233
1101894617,20,2,33179
1101970097,28,2,28871
1102027337,20,2,33181
1102173857,8,2,33199
1102302953,4,3,1033
1102332233,30,2,5347
1102368473,16,3,1033
1102826273,30,2,5393
1102970537,4,2,33211
1103085713,30,2,5417
1103767793,6,2,33223
1103768753,10,2,33223
1104029873,18,2,33223
1104142073,26,2,32203
1105698233,30,2,5653
1106480057,28,2,28949
1107174977,28,2,28961
1107695753,30,2,5827
1108024433,6,2,33287
1108157777,8,2,33289
1108161617,12,2,33289
1108286513,18,2,33287
1108956617,4,2,33301
1108956857,8,2,33301
1109622977,8,2,33311
1110022553,6,2,33317
1110038873,14,2,33317
1110259673,30,2,6043
1110822497,8,2,33329
1110826337,12,2,33329
1110955817,8,2,33331
1111110593,30,2,6113
1111791497,24,2,33091
1112038793,14,2,33347
1112221337,16,2,33349
1112422613,2,2,33353
1112438993,14,2,33353
1112860937,28,2,29059
1113031757,28,5,61
1113871457,20,2,33359
1114025153,10,2,33377
1114040513,14,2,33377
1114102433,30,2,6353
1114286273,18,2,33377
1115633417,24,2,33149
1115761433,10,2,33403
1116007457,20,2,33391
1116165377,12,2,33409
1116428633,6,2,33413
1117364393,6,2,33427
1118419697,24,2,33191
1118672033,30,2,6703
1118950817,24,2,33199
1119370853,2,2,33457
1119479993,30,2,6763
1119638777,8,2,33461
1119704057,16,2,33461
1119747737,24,2,33211
1120843697,8,2,33479
1121622323,2,3,1039
1121781053,2,2,33493
1121892017,20,2,33479
1122302297,28,2,29221
1122451073,6,2,33503
1122467393,14,2,33503
1122699833,30,2,6997
1122713153,18,2,33503
1123345673,30,2,7043
1123661537,12,2,33521
1124193857,4,2,33529
1124194433,30,2,7103
1124197937,12,2,33529
1124478473,14,2,33533
1124535953,30,2,7127
1124706017,20,2,33521
1125401273,6,2,33547
1125402233,10,2,33547
1125504953,26,2,32533
1125765233,26,2,32537
1125975353,22,2,33493
1126645313,22,2,33503
1126877777,4,2,33569
1126881857,12,2,33569
1127677073,18,2,33577
1128220937,4,2,33589
1128225017,12,2,33589
1128753713,30,2,7417
1128933017,24,2,33349
1129027457,8,2,33601
1129031297,12,2,33601
1129269497,20,2,33589
1129595513,22,2,33547
1129600097,24,2,33359
1129833833,6,2,33613
1130064473,26,2,32603
1130119073,14,2,33617
1130237177,4,2,33619
1130506133,2,2,33623
1130507153,10,2,33623
1130522513,14,2,33623
1130548193,30,2,7537
1130909657,4,2,33629
1130975177,16,2,33629
1131092153,30,2,7573
1131152753,30,2,7577
1131608273,30,2,7607
1131736097,24,2,33391
1131782417,16,2,33641
1132854257,28,2,29401
1133293913,30,2,7717
1134296993,22,2,33617
1134472673,30,2,7793
1134501497,28,2,29429
1134941153,30,2,7823
1135631513,30,2,7867
1135892273,6,2,33703
1135908593,14,2,33703
1136314913,22,2,33647
1136566373,2,2,33713
1137105857,4,2,33721
1138014113,30,2,8017
1138320137,4,2,33739
1138385657,16,2,33739
1138995017,4,2,33749
1139130017,4,2,33751
1139134097,12,2,33751
1139535113,6,2,33757
1139797193,18,2,33757
1140043577,20,2,33749
1140115433,30,2,8147
1140178577,20,2,33751
1140345377,4,2,33769
1140615533,2,2,33773
1140631913,14,2,33773
1141835777,12,2,33791
1142238233,10,2,33797
1142499353,18,2,33797
1143052577,12,2,33809
1143187817,12,2,33811
1143249257,16,2,33811
1144266953,10,2,33827
1144404593,22,2,33767
1144466777,16,2,33829
1144536257,28,2,29599
1144809833,22,2,33773
1144998137,24,2,33589
1145431913,30,2,8467
1145771513,26,2,32843
1145890217,4,2,33851
1146212993,30,2,8513
1146296453,2,2,33857
1146312833,14,2,33857
1147238153,30,2,8573
1147244897,8,2,33871
1147248737,12,2,33871
1148166953,30,2,8627
1148293217,20,2,33871
1148529857,16,2,33889
1148735453,2,2,33893
1149032153,30,2,8677
1149553673,30,2,8707
1149658193,30,2,8713
1149960017,12,2,33911
1150490753,22,2,33857
1151234633,30,2,8803
1151305073,30,2,8807
1151378297,16,2,33931
1151834393,30,2,8837
1151982113,18,2,33937
1152962537,28,2,29741
1153349777,8,2,33961
1153757093,2,2,33967
1153757153,6,2,33967
1153773473,14,2,33967
1153883057,24,2,33721
1155097337,24,2,33739
1155646913,26,2,32993
1155796013,2,2,33997
1155797033,10,2,33997
1155914273,22,2,33937
1156967033,26,2,33013
1157153513,30,2,9133
1158653537,4,2,34039
1158653777,8,2,34039
1158719057,16,2,34039
1159157537,20,2,34031
1160101673,30,2,9293
1160151977,8,2,34061
1160935667,4,3,1051
1161001187,16,3,1051
1161200297,20,2,34061
1163579633,26,2,33113
1163934833,30,2,9497
1164180497,28,4,173
1164358619,21,19,3
1164379133,2,2,34123
1164380153,10,2,34123
1164652193,6,2,34127
1164792737,12,2,34129
1165608137,8,2,34141
1165611977,12,2,34141
1165837217,20,2,34129
1166729273,30,2,9643
1166837297,4,2,34159
1166837537,8,2,34159
1167657497,8,2,34171
1168477553,6,2,34183
1168493873,14,2,34183
1168573433,22,2,34123
1168768697,24,2,33941
1170176297,28,2,30029
1170392537,4,2,34211
1170804113,10,2,34217
1170876593,26,2,33223
1170902273,30,2,9857
1171441097,20,2,34211
1171761377,4,2,34231
1172700497,28,2,30071
1173202553,30,2,9973
1173269033,10,2,34253
1174639553,10,2,34273
1174654913,14,2,34273
1174727657,20,2,34259
1174900673,18,2,34273
1175324153,6,2,34283
1175340473,14,2,34283
1175610473,30,2,10093
1176419513,30,2,10133
1176562697,12,2,34301
1176695813,2,2,34303
1176712193,14,2,34303
1177028393,30,2,10163
1178251553,30,2,10223
1178343953,10,2,34327
1178421593,22,2,34267
1178832833,22,2,34273
1178842337,20,2,34319
1179029633,6,2,34337
1179131273,26,2,33347
1179153113,30,2,10267
1180056737,16,2,34351
1180595393,30,2,10337
1180682417,12,2,34361
1180719473,30,2,10343
1181090693,2,2,34367
1181090753,6,2,34367
1181107073,14,2,34367
1181139977,28,2,30211
1181232257,12,2,34369
1181293697,16,2,34369
1181565857,24,2,34129
1181576273,22,2,34313
1182118697,16,2,34381
1182276737,20,2,34369
1182953537,28,2,30241
1183101737,20,2,34381
1183566413,2,2,34403
1184809337,12,2,34421
1185853817,20,2,34421
1186038233,30,2,10597
1186044737,4,2,34439
1186048817,12,2,34439
1186404617,20,2,34429
1187285873,10,2,34457
1188116057,12,2,34469
1188538577,24,2,34231
1188889913,26,2,33493
1189077293,2,2,34483
1189093673,14,2,34483
1189160537,20,2,34469
1190323097,12,2,34501
1190384537,16,2,34501
1191147173,2,2,34513
1191147233,6,2,34513
1191229577,20,2,34499
1191626897,16,2,34519
1192048337,28,2,30391
1192181513,30,2,10883
1192617233,30,2,10903
1192820753,14,2,34537
1193218853,2,2,34543
1193547473,22,2,34487
1193633657,8,2,34549
1193698937,16,2,34549
1194390013,5,3,1061
1194398173,13,3,1061
1194914269,19,3,1061
1195336553,30,2,11027
1195577057,28,2,30449
1195999073,30,2,11057
1196246033,18,2,34583
1196399177,8,2,34589
1196403017,12,2,34589
1196541377,12,2,34591
1196663393,30,2,11087
1196942633,26,2,33613
1197240593,30,2,11113
1197329513,30,2,11117
1197614993,26,2,33623
1198005377,24,2,34369
1198060793,10,2,34613
1198321913,18,2,34613
1198577753,30,2,11173
1198667153,30,2,11177
1199114633,30,2,11197
1199234537,28,2,30509
1199473193,30,2,11213
1200178193,22,2,34583
1200455297,28,2,30529
1200553217,4,2,34649
1200553457,8,2,34649
1200692057,8,2,34651
1201158071,10,3,1063
1201561913,22,2,34603
1201601777,20,2,34649
1201800893,2,2,34667
1201817273,14,2,34667
1201838753,22,2,34607
1202063033,18,2,34667
1202881987,30,17,3
1203542273,30,2,11393
1203866393,18,2,34693
1204298213,2,2,34703
1205351351,22,3,1063
1205551937,12,2,34721
1205601113,30,2,11483
1205613377,16,2,34721
1206613553,30,2,11527
1206798137,4,2,34739
1206798377,8,2,34739
1206863657,16,2,34739
1207354073,6,2,34747
1207355033,10,2,34747
1207616153,18,2,34747
1208065433,14,2,34757
1208188337,8,2,34759
1208467193,10,2,34763
1208492513,22,2,34703
1209068513,30,2,11633
1209627473,30,2,11657
1209718217,8,2,34781
1211374793,26,2,33827
1211527313,6,2,34807
1212243353,22,2,34757
1212363017,8,2,34819
1213811633,26,2,33863
1214035673,10,2,34843
1214296793,18,2,34843
1214313473,6,2,34847
1215280433,30,2,11897
1215423233,30,2,11903
1215721553,22,2,34807
1216405133,2,2,34877
1216405193,6,2,34877
1216421513,14,2,34877
1216823693,2,2,34883
1216840073,14,2,34883
1217801633,10,2,34897
1218828833,26,2,33937
1219336817,8,2,34919
1219499153,30,2,12073
1219602737,28,2,30841
1220321273,30,2,12107
1220599433,22,2,34877
1220703157,5,13,5
1220703637,9,13,5
1221432857,8,2,34949
1221612533,10,3,1069
1221782297,20,2,34939
1221994913,22,2,34897
1222271537,4,2,34961
1222275617,12,2,34961
1222427753,14,2,34963
1224122993,30,2,12263
1224965297,24,2,34759
1225353953,26,2,34033
1226091473,30,2,12343
1226276057,28,2,30949
1226495177,24,2,34781
1226605673,22,2,34963
1226832953,30,2,12373
1226890793,6,2,35027
1226907113,14,2,35027
1227152873,18,2,35027
1227638297,28,2,30971
1227824393,30,2,12413
1228420793,30,2,12437
1228712873,6,2,35053
1228729193,14,2,35053
1228918673,30,2,12457
1228974953,18,2,35053
1229621177,20,2,35051
1229666993,30,2,12487
1229834777,4,2,35069
1229835017,8,2,35069
1229900297,16,2,35069
1230417113,30,2,12517
1230804833,22,2,35023
1230816893,2,2,35083
1230816953,6,2,35083
1230833273,14,2,35083
1231303457,16,2,35089
1231939817,4,2,35099
1232501453,2,2,35107
1232502473,10,2,35107
1232763593,18,2,35107
1232829593,30,2,12613
1232847857,16,2,35111
1233203753,6,2,35117
1233688433,30,2,12647
1233809513,26,2,34157
1234050737,12,2,35129
1235452217,4,2,35149
1235452457,8,2,35149
1235517737,16,2,35149
1235749793,14,2,35153
1236159377,12,2,35159
1236500777,20,2,35149
1236635993,30,2,12763
1239048737,24,2,34961
1239110657,8,2,35201
1239175937,16,2,35201
1240590713,30,2,12917
1240941593,6,2,35227
1240942553,10,2,35227
1241567417,20,2,35221
1242633017,4,2,35251
1242698537,16,2,35251
1243600913,30,2,13033
1243761353,6,2,35267
1244607857,4,2,35279
1244748977,4,2,35281
1244753057,12,2,35281
1244814497,16,2,35281
1245797537,20,2,35281
1246059953,30,2,13127
1246138433,26,2,34337
1246585433,30,2,13147
1246870817,12,2,35311
1246932257,16,2,35311
1247006393,30,2,13163
1247638793,30,2,13187
1247976473,18,2,35323
1248717017,24,2,35099
1249315217,28,2,31319
1249834613,2,2,35353
1249850993,14,2,35353
1250541833,6,2,35363
1250542793,10,2,35363
1250675273,26,2,34403
1250823857,24,2,35129
1251908633,22,2,35323
1252664453,2,2,35393
1252680833,14,2,35393
1253230817,4,2,35401
1253234897,12,2,35401
1253917793,18,2,35407
1254505817,8,2,35419
1254509657,12,2,35419
1254736073,22,2,35363
1255051073,18,2,35423
1255887617,24,2,35201
1257296057,24,2,35221
1257425633,30,2,13553
1257548057,16,2,35461
1257849953,22,2,35407
1258256033,26,2,34513
1259488817,28,2,31481
1259600513,30,2,13633
1259611337,8,2,35491
1259615177,12,2,35491
1259992577,28,2,31489
1260659657,20,2,35491
1260747053,2,2,35507
1261741457,4,2,35521
1261806977,16,2,35521
1261937657,20,2,35509
1262167793,6,2,35527
1262184113,14,2,35527
1262594093,2,2,35533
1262610473,14,2,35533
1262879393,10,2,35537
1262996873,30,2,13757
1263161993,30,2,13763
1265153777,4,2,35569
1265168633,26,2,34613
1265454713,14,2,35573
1266312953,30,2,13877
1266362033,22,2,35527
1266784817,16,2,35591
1266878033,14,2,35593
1267035233,30,2,13903
1267058657,28,2,31601
1267573613,2,2,35603
1267870313,30,2,13933
1268571713,10,2,35617
1268832833,18,2,35617
1269325793,26,2,34673
1271055953,22,2,35593
1272072713,30,2,14083
1272424337,12,2,35671
1272848393,6,2,35677
1273110473,18,2,35677
1273468817,20,2,35671
1274615753,30,2,14173
1275164897,28,2,31729
1275575033,26,2,34763
1276604873,30,2,14243
1277704817,28,2,31769
1277752937,20,2,35731
1278317633,30,2,14303
1278710177,12,2,35759
1278890153,30,2,14323
1279564457,4,2,35771
1279611857,28,2,31799
1279629977,16,2,35771
1280727593,30,2,14387
1281425213,2,2,35797
1281425273,6,2,35797
1281930977,24,2,35569
1282288577,12,2,35809
1282794257,28,2,31849
1283860577,4,2,35831
1283926097,16,2,35831
1284365519,4,3,1087
1284909473,26,2,34897
1285240673,30,2,14543
1285294457,8,2,35851
1285298297,12,2,35851
1285359737,16,2,35851
1286650697,16,2,35869
1286697473,30,2,14593
1287302657,4,2,35879
1287302897,8,2,35879
1287306737,12,2,35879
1287690953,30,2,14627
1288452233,30,2,14653
1288559807,22,3,1087
1288594673,6,2,35897
1288720373,26,3,1069
1288742297,12,2,35899
1289600177,8,2,35911
1289665457,16,2,35911
1291181513,10,2,35933
1291219817,28,2,31981
1291859537,28,2,31991
1292478497,12,2,35951
1292693033,30,2,14797
1292928943,29,3,911
1293768977,4,2,35969
1294360913,14,2,35977
1294777313,10,2,35983
1295483297,24,2,35759
1295496053,2,2,35993
1295512433,14,2,35993
1295993537,16,2,35999
1296505073,10,2,36007
1296766193,18,2,36007
1296792137,4,2,36011
1296792377,8,2,36011
1296937193,10,2,36013
1297154633,30,2,14947
1297198313,18,2,36013
1297225313,10,2,36017
1297453673,30,2,14957
1297486433,18,2,36017
1298596573,1,3,1091
1298598619,11,3,1091
1298970593,22,2,35983
1300395737,4,2,36061
1300637777,24,2,35831
1300698353,22,2,36007
1300828493,2,2,36067
1300829513,10,2,36067
1300844873,14,2,36067
1301090633,18,2,36067
1301262353,10,2,36073
1301418593,22,2,36017
1301523473,18,2,36073
1302071417,24,2,35851
1302636737,28,2,32159
1302842273,26,2,35153
1302993473,6,2,36097
1303255553,18,2,36097
1303715453,2,2,36107
1303925417,16,2,36109
1304567177,28,2,32189
1304569073,30,2,15193
1305022793,22,2,36067
1305883793,10,2,36137
1306799933,20,3,1093
1306894817,4,2,36151
1307618177,8,2,36161
1307909753,22,2,36107
1308666497,20,2,36161
1309945661,22,3,1093
1310077073,22,2,36137
1310546177,24,2,35969
1310837057,20,2,36191
1311302393,30,2,15413
1311671093,2,2,36217
1311687473,14,2,36217
1312540457,4,2,36229
1313155553,30,2,15473
1313410097,4,2,36241
1314135257,8,2,36251
1314458657,20,2,36241
1314823193,26,2,35323
1315105793,26,2,35327
1315505897,16,2,36269
1315540337,28,2,32359
1316021753,10,2,36277
1316571713,30,2,15583
1317443993,18,2,36293
1317621497,12,2,36299
1318199273,10,2,36307
1318445273,30,2,15643
1318570433,30,2,15647
1319073857,12,2,36319
1319135297,16,2,36319
1319698313,30,2,15683
1320139801,7,3,1097
1320215033,22,2,36277
1321556993,14,2,36353
1322340113,30,2,15767
1322529353,30,2,15773
1323287033,30,2,15797
1323320897,28,2,32479
1323672017,24,2,36151
1324109153,30,2,15823
1325007953,22,2,36343
1326565697,24,2,36191
1327189433,22,2,36373
1327364513,10,2,36433
1328878553,30,2,15973
1329112913,6,2,36457
1329129233,14,2,36457
1329276593,26,2,35527
1329317657,24,2,36229
1329702953,26,2,35533
1329843113,10,2,36467
1329965873,30,2,16007
1330717457,4,2,36479
1330782977,16,2,36479
1331036537,20,2,36469
1331569073,30,2,16057
1331739053,2,2,36493
1331766017,20,2,36479
1331782337,28,2,32609
1332001193,18,2,36493
1332031013,2,2,36497
1332217577,24,2,36269
1332293153,18,2,36497
1332565097,28,2,32621
1333821953,30,2,16127
1333929593,6,2,36523
1333945913,14,2,36523
1333970513,26,2,35593
1334191673,18,2,36523
1334221793,6,2,36527
1334474033,22,2,36473
1334682473,26,2,35603
1335244697,4,2,36541
1335248777,12,2,36541
1335310217,16,2,36541
1335416417,20,2,36529
1335846977,24,2,36319
1335933353,22,2,36493
1335955073,30,2,16193
1336041137,16,2,36551
1336560737,8,2,36559
1336564577,12,2,36559
1336626017,16,2,36559
1336853033,6,2,36563
1337115113,18,2,36563
1338315893,2,2,36583
1338552353,30,2,16273
1338608573,2,2,36587
1338624953,14,2,36587
1338636001,29,3,929
1339490897,12,2,36599
1339552337,16,2,36599
1340072453,2,2,36607
1340073473,10,2,36607
1340088833,14,2,36607
1341489593,30,2,16363
1341919729,1,3,1103
1342050799,17,3,1103
1342373897,28,2,32771
1342732217,20,2,36629
1342802873,22,2,36587
1343259713,30,2,16417
1343442473,6,2,36653
1343704553,18,2,36653
1344245633,30,2,16447
1344266753,22,2,36607
1344341057,28,2,32801
1345202393,6,2,36677
1345642553,6,2,36683
1346229737,8,2,36691
1346669873,6,2,36697
1346835377,28,2,32839
1347278057,20,2,36691
1347554777,12,2,36709
1347640577,24,4,191
1347743633,30,2,16553
1349758217,12,2,36739
1350387251,18,5,67
1350489017,4,2,36749
1350493097,12,2,36749
1350554537,16,2,36749
1351197473,30,2,16657
1351730753,30,2,16673
1352021897,24,2,36541
1352419697,20,2,36761
1352760377,16,2,36779
1352842217,8,2,36781
1353337697,24,2,36559
1353643217,16,2,36791
1354626257,20,2,36791
1355545193,30,2,16787
1355851577,16,2,36821
1356264017,24,2,36599
1356669893,2,2,36833
1356669953,6,2,36833
1357428473,30,2,16843
1357701473,6,2,36847
1358438453,2,2,36857
1358439473,10,2,36857
1358700593,18,2,36857
1359470657,4,2,36871
1359474737,12,2,36871
1359913193,6,2,36877
1360175273,18,2,36877
1360519217,20,2,36871
1360603793,30,2,16937
1360650773,2,2,36887
1360807073,30,2,16943
1360912913,18,2,36887
1361453393,26,2,35977
1361601737,16,2,36899
1361684057,8,2,36901
1361687897,12,2,36901
1361895713,22,2,36847
1362126497,28,2,33071
1362570593,10,2,36913
1362632753,22,2,36857
1362732377,20,2,36901
1363012577,4,2,36919
1363751057,4,2,36929
1363751297,8,2,36929
1363816577,16,2,36929
1364786273,10,2,36943
1364845073,22,2,36887
1365047393,18,2,36943
1366531337,24,2,36739
1366763873,22,2,36913
1367002733,2,2,36973
1368148337,24,2,36761
1368495017,20,2,36979
1369222073,6,2,37003
1369281497,28,2,33179
1369414217,28,2,33181
1369472057,24,2,36779
1369978553,14,2,37013
1370077937,28,2,33191
1370108533,29,3,941
1370224313,18,2,37013
1370354897,24,2,36791
1370406617,8,2,37019
1370554457,4,2,37021
1370824313,26,2,36107
1371454937,20,2,37019
1371887537,4,2,37039
1372632497,12,2,37049
1372693937,16,2,37049
1375474159,25,3,1103
1375701953,30,2,17377
1376188433,10,2,37097
1376247857,24,2,36871
1376449553,18,2,37097
1377392057,28,2,33301
1377415553,22,2,37057
1377671753,6,2,37117
1377672713,10,2,37117
1377933833,18,2,37117
1378058177,28,2,33311
1378133513,14,2,37123
1378379273,18,2,37123
1379187353,30,2,17477
1379257697,28,2,33329
1379309417,12,2,37139
1380381713,22,2,37097
1380528257,24,2,36929
1380791537,8,2,37159
1381683257,4,2,37171
1381748777,16,2,37171
1382427017,8,2,37181
1382552153,30,2,17573
1383129593,26,2,36277
1383765857,8,2,37199
1383914657,8,2,37201
1385367233,18,2,37217
1385511473,30,2,17657
1385568113,14,2,37223
1386430313,30,2,17683
1387057433,14,2,37243
1387303193,18,2,37243
1387492097,12,4,193
1387802393,14,2,37253
1388649473,26,2,36353
1389278897,28,2,33479
1389405617,24,2,37049
1389574733,2,2,37277
1389574793,6,2,37277
1389575753,10,2,37277
1389591113,14,2,37277
1390831553,26,2,36383
1391235353,22,2,37243
1392522113,18,2,37313
1392861137,12,2,37321
1393668629,4,3,1117
1393669637,10,3,1117
1394205017,12,2,37339
1394717189,20,3,1117
1395313217,28,2,33569
1395545513,6,2,37357
1395844337,4,2,37361
1395993773,2,2,37363
1396010153,14,2,37363
1396082537,24,2,37139
1396446257,12,2,37369
1398209993,30,2,18013
1398238217,20,2,37379
1399345097,28,2,33629
1399798937,24,2,37189
1400542817,24,2,37199
1401832577,12,2,37441
1402277813,2,2,37447
1402877057,20,2,37441
1402910273,30,2,18143
1403476433,6,2,37463
1403477393,10,2,37463
1405237433,18,2,37483
1405424753,26,2,36583
1405541297,28,2,33721
1406775053,2,2,37507
1406791433,14,2,37507
1407037193,18,2,37507
1407059873,30,2,18257
1407075377,8,2,37511
1407526313,10,2,37517
1408123697,20,2,37511
1408780817,28,2,33769
1409027393,10,2,37537
1409042753,14,2,37537
1409288513,18,2,37537
1409634257,24,2,37321
1409777273,6,2,37547
1409919353,22,2,37493
1410267137,28,2,33791
1410551273,26,2,36653
1411279553,6,2,37567
1411580297,8,2,37571
1411645577,16,2,37571
1412191433,30,2,18397
1412246777,16,2,37579
1413219377,24,2,37369
1413229817,20,2,37579
1413296153,30,2,18427
1413971513,22,2,37547
1414302833,14,2,37607
1414325657,28,2,33851
1415189177,4,2,37619
1415254697,16,2,37619
1416243713,10,2,37633
1416621113,30,2,18517
1416843353,30,2,18523
1416996473,10,2,37643
1417233971,26,5,67
1417257593,18,2,37643
1417447217,4,2,37649
1417955633,30,2,18553
1418049653,2,2,37657
1419441473,30,2,18593
1420615577,12,2,37691
1421214617,4,2,37699
1422263177,20,2,37699
1422572093,2,2,37717
1423102217,24,2,37501
1424956553,22,2,37693
1425547313,26,2,36857
1427088977,28,2,34039
1427403977,4,2,37781
1427408057,12,2,37781
1427469497,16,2,37781
1427571473,14,2,37783
1428357257,24,2,37571
1428452537,20,2,37781
1429675817,12,2,37811
1429823033,6,2,37813
1431184817,8,2,37831
1432233137,20,2,37831
1432395413,2,2,37847
1433455577,8,2,37861
1434212657,4,2,37871
1434224417,24,2,37649
1435235993,30,2,19013
1435272737,28,2,34159
1435867217,20,2,37879
1436149193,30,2,19037
1436183633,10,2,37897
1436957033,14,2,37907
1437043913,22,2,37853
1437521153,30,2,19073
1437991817,24,2,37699
1440196817,28,2,34231
1440330113,26,2,37057
1440343937,16,2,37951
1441493093,2,2,37967
1441493153,6,2,37967
1441729313,30,2,19183
1443028553,14,2,37987
1443316097,4,2,37991
1443803993,30,2,19237
1444034153,18,2,37997
1444364657,20,2,37991
1444836377,8,2,38011
1445190353,30,2,19273
1445687393,22,2,37967
1448030873,6,2,38053
1448292953,18,2,38053
1448426657,28,2,34351
1449248777,4,2,38069
1449663617,28,2,34369
1450218233,30,2,19403
1450314953,6,2,38083
1452213953,26,2,37217
1452225113,22,2,38053
1452600833,6,2,38113
1452660593,26,2,37223
1453123697,16,2,38119
1454264873,30,2,19507
1454894873,26,2,37253
1455346457,8,2,38149
1455651473,6,2,38153
1455652433,10,2,38153
1456683593,26,2,37277
1456685297,28,2,34471
1457483333,2,2,38177
1457745473,18,2,38177
1457942513,10,2,38183
1458465257,16,2,38189
1459996817,28,2,34519
1460692217,8,2,38219
1460757497,16,2,38219
1460777477,26,3,1117
1461609377,4,2,38231
1461674897,16,2,38231
1461713633,30,2,19697
1462135793,22,2,38183
1462221377,8,2,38239
1462225217,12,2,38239
1463102633,26,2,37363
1463922833,30,2,19753
1464834377,28,2,34589
1464972737,28,2,34591
1465434977,4,2,38281
1465435217,8,2,38281
1465644473,26,2,37397
1466483537,20,2,38281
1467120833,10,2,38303
1467741617,28,2,34631
1467883433,30,2,19853
1468193513,10,2,38317
1468988657,28,2,34649
1469016833,22,2,38273
1469112497,8,2,38329
1469177777,16,2,38329
1469592503,28,3,1063
1472123417,24,2,38149
1472333897,8,2,38371
1472810513,14,2,38377
1473621833,30,2,19997
1474022513,6,2,38393
1474662353,30,2,20023
1476945857,12,2,38431
1476988433,22,2,38377
1477007297,16,2,38431
1478386577,24,2,38231
1478391137,16,2,38449
1478633213,2,2,38453
1479094697,4,2,38459
1479094937,8,2,38459
1479160217,16,2,38459
1479248777,8,2,38461
1482327017,4,2,38501
1482827513,22,2,38453
1483116113,30,2,20233
1483356731,26,3,1123
1483375577,20,2,38501
1484104313,26,2,37643
1485824993,18,2,38543
1486642253,2,2,38557
1486928753,30,2,20327
1487016257,16,2,38561
1487413493,2,2,38567
1487429873,14,2,38567
1490658977,12,2,38609
1490706977,28,2,34961
1490813417,12,2,38611
1492972337,4,2,38639
1492976417,12,2,38639
1493049353,30,2,20477
1494385913,22,2,38603
1495291817,8,2,38669
1496172473,18,2,38677
1496340137,20,2,38669
1497568937,28,2,35059
1497616697,12,2,38699
1498493993,18,2,38707
1498541537,4,2,38711
1499214953,30,2,20627
1499504273,26,2,37847
1499732873,18,2,38723
1500817313,18,2,38737
1501217777,28,2,35111
1501330073,6,2,38747
1501485257,8,2,38749
1501592153,18,2,38747
1502521673,30,2,20707
1502935913,30,2,20717
1503887657,28,2,35149
1504013873,30,2,20743
1504049513,26,2,37907
1504121153,6,2,38783
1504137473,14,2,38783
1505524313,22,2,38747
1505790257,20,2,38791
1506138737,8,4,197
1506204017,16,4,197
1506673073,30,2,20807
1507074137,12,2,38821
1507135577,16,2,38821
1508001893,2,2,38833
1508264033,18,2,38833
1509400457,8,2,38851
1509749537,24,2,38639
1512068777,24,2,38669
1512510137,8,2,38891
1512518633,30,2,20947
1513443413,2,2,38903
1513705553,18,2,38903
1514683073,26,2,38047
1514837993,22,2,38867
1514844257,4,2,38921
1514844497,8,2,38921
1514909777,16,2,38921
1515287993,30,2,21013
1515318737,24,2,38711
1515779513,10,2,38933
1517336273,6,2,38953
1517337233,10,2,38953
1517560313,30,2,21067
1517598353,18,2,38953
1517637713,22,2,38903
1518262217,24,2,38749
1518742937,12,2,38971
1519207553,10,2,38977
1519787417,20,2,38971
1520250617,28,2,35381
1520470433,14,2,38993
1521530513,22,2,38953
1522630793,30,2,21187
1523828753,26,2,38167
1524199697,4,2,39041
1524355853,2,2,39043
1524592193,26,2,38177
1524845953,1,3,1151
1524845983,5,3,1151
1524846079,7,3,1151
1524930353,18,2,39047
1525050353,26,2,38183
1525067057,28,2,35449
1525176833,30,2,21247
1525370239,19,3,1151
1526177417,24,2,38851
1526988833,22,2,39023
1527168257,4,2,39079
1527949937,4,2,39089
1527954017,12,2,39089
1528156313,30,2,21317
1528837553,18,2,39097
1529044613,2,2,39103
1529045633,10,2,39103
1529357513,6,2,39107
1529358473,10,2,39107
1529826773,2,2,39113
1530088913,18,2,39113
1530176897,28,2,35521
1530300257,12,2,39119
1530717953,30,2,21377
1531861337,4,2,39139
1531865417,12,2,39139
1531931393,26,2,38273
1533003233,26,2,38287
1533238913,22,2,39103
1533270653,2,2,39157
1533649457,16,2,39161
1533740633,6,2,39163
1534002713,18,2,39163
1534573913,30,2,21467
1534632497,20,2,39161
1535516057,24,2,38971
1536000017,16,2,39191
1536527753,26,2,38333
1536561617,4,2,39199
1536627137,16,2,39199
1537464953,22,2,39157
1537973093,2,2,39217
1538235233,18,2,39217
1538394257,20,2,39209
1538446073,30,2,21557
1539308753,30,2,21577
1540641017,4,2,39251
1540641257,8,2,39251
1540747697,20,2,39239
1541131313,26,2,38393
1541689577,20,2,39251
1544634137,16,2,39301
1544996897,28,2,35729
1545196193,30,2,21713
1545742073,26,2,38453
1546088633,18,2,39317
1547805353,30,2,21773
1547872673,10,2,39343
1548133793,18,2,39343
1549130897,4,2,39359
1549760753,6,2,39367
1549761713,10,2,39367
1550020793,22,2,39317
1550495273,18,2,39373
1551020753,6,2,39383
1551282833,18,2,39383
1552123673,6,2,39397
1553729657,28,2,35851
1555434977,8,2,39439
1556317913,22,2,39397
1557418217,24,2,39251
1558400383,25,3,1151
1560487073,6,2,39503
1560694313,30,2,22067
1561026617,16,2,39509
1561119377,8,2,39511
1561123217,12,2,39511
1561913537,12,2,39521
1563019193,26,2,38677
1564257113,26,2,38693
1564281617,4,2,39551
1564281857,8,2,39551
1565230973,2,2,39563
1565247353,14,2,39563
1565705777,4,2,39569
1565706017,8,2,39569
1565709857,12,2,39569
1565771297,16,2,39569
1566659657,12,2,39581
1568304737,16,4,199
1568714453,2,2,39607
1568714513,6,2,39607
1568730833,14,2,39607
1568976593,18,2,39607
1569665417,8,2,39619
1569730697,16,2,39619
1569982133,2,2,39623
1569983153,10,2,39623
1570620257,12,2,39631
1572211937,24,2,39439
1572901817,16,2,39659
1573037779,5,3,1163
1573158617,24,2,39451
1573470953,6,2,39667
1573487273,14,2,39667
1573788497,8,2,39671
1573853777,16,2,39671
1573884617,28,2,36131
1577879033,30,2,22453
1578647537,20,2,39719
1578711353,6,2,39733
1578712313,10,2,39733
1578973433,18,2,39733
1580937377,8,2,39761
1581641753,26,2,38917
1582108793,26,2,38923
1582434377,16,2,39779
1583432777,24,2,39581
1585712057,4,2,39821
1586052857,28,2,36299
1586349497,8,2,39829
1587305297,4,2,39841
1587397817,20,2,39829
1587505217,28,2,36319
1587562913,26,2,38993
1587783413,2,2,39847
1589059793,10,2,39863
1589537177,4,2,39869
1589613497,24,2,39659
1590384233,22,2,39827
1590653693,2,2,39883
1590972833,6,2,39887
1590973793,10,2,39887
1592089817,4,2,39901
1592594777,28,2,36389
1592774753,22,2,39857
1592806913,30,2,22783
1593138377,20,2,39901
1594369433,22,2,39877
1595167073,22,2,39887
1596242213,2,2,39953
1596504353,18,2,39953
1597110857,28,2,36451
1597684937,12,2,39971
1598320697,8,2,39979
1598640293,2,2,39983
1598729417,20,2,39971
1599124217,12,2,39989
1599146057,24,2,39779
1599158273,22,2,39937
1600720097,4,2,40009
1601040173,2,2,40013
1601768657,20,2,40009
1602803297,28,2,36529
1603125617,12,2,40039
1603223513,18,2,40037
1603524113,30,2,23017
1603529537,20,2,40031
1603680137,28,2,36541
1604170097,20,2,40039
1604995937,28,2,36559
1605081953,26,2,39217
1605873497,28,2,36571
1606337153,26,2,39233
1606771787,20,3,1171
1606983953,14,2,40087
1607448653,2,2,40093
1609238273,22,2,40063
1609340273,30,2,23143
1610192513,14,2,40127
1610402177,16,2,40129
1610438273,18,2,40127
1611048713,26,2,39293
1611642953,22,2,40093
1612279793,14,2,40153
1612525553,18,2,40153
1612935353,26,2,39317
1613082953,14,2,40163
1613151377,20,2,40151
1613197697,28,2,36671
1614980513,26,2,39343
1615097657,24,2,39979
1616305673,30,2,23293
1617101753,14,2,40213
1618129553,26,2,39383
1618170713,30,2,23333
1618189577,28,2,36739
1618560563,28,5,67
1619017193,10,2,40237
1620304073,6,2,40253
1620305033,10,2,40253
1620386657,20,2,40241
1621130297,28,2,36779
1621277417,28,2,36781
1622720153,6,2,40283
1622859113,26,2,39443
1624498313,22,2,40253
1626431033,22,2,40277
1627732193,30,2,23537
1628207297,12,2,40351
1628687513,6,2,40357
1628880017,24,2,40151
1629075857,16,2,40361
1629145313,30,2,23567
1630325777,24,2,40169
1634342153,30,2,23677
1634342393,6,2,40427
1634504297,8,2,40429
1634508137,12,2,40429
1634604473,18,2,40427
1635089633,18,2,40433
1635310577,24,2,40231
1635823313,26,2,39607
1638612113,30,2,23767
1638873293,2,2,40483
1638874313,10,2,40483
1639197233,6,2,40487
1639459313,18,2,40487
1639945193,18,2,40493
1639980737,24,2,40289
1640234537,16,2,40499
1640579753,26,2,39667
1640817053,2,2,40507
1641793457,12,2,40519
1641854897,16,2,40519
1642766057,12,2,40531
1642898273,30,2,23857
1643067593,22,2,40483
1643391473,22,2,40487
1643996993,18,2,40543
1647737029,19,3,1181
1648117433,10,2,40597
1648132793,14,2,40597
1648638353,30,2,23977
1649226737,28,2,37159
1650553193,6,2,40627
1650554153,10,2,40627
1650862217,28,2,37181
1651366793,10,2,40637
1651382153,14,2,40637
1651457177,28,2,37189
1653298793,26,2,39827
1653732713,30,2,24083
1654747433,22,2,40627
1654892273,26,2,39847
1655178593,30,2,24113
1655560073,22,2,40637
1655601349,23,3,1181
1655920313,6,2,40693
1656182393,18,2,40693
1656336593,30,2,24137
1656408857,8,2,40699
1657222937,8,2,40709
1657226777,12,2,40709
1659527033,30,2,24203
1659666137,4,2,40739
1659666377,8,2,40739
1659670217,12,2,40739
1660396937,28,2,37309
1661361617,16,2,40759
1661638553,14,2,40763
1661809697,24,2,40559
1661884313,18,2,40763
1662274697,8,2,40771
1662278537,12,2,40771
1662339977,16,2,40771
1662344657,20,2,40759
1663323017,20,2,40771
1663579433,6,2,40787
1664279777,28,2,37361
1665701033,6,2,40813
1665701993,10,2,40813
1665717353,14,2,40813
1665749153,26,2,39983
1665816473,22,2,40763
1665963113,18,2,40813
1666191017,8,2,40819
1666779473,18,2,40823
1667239337,20,2,40819
1667868737,28,2,37409
1668052817,16,2,40841
1668055817,20,2,40829
1668477413,2,2,40847
1668706337,16,2,40849
1668968633,10,2,40853
1670112713,10,2,40867
1670373833,18,2,40867
1671202073,30,2,24443
1671419693,2,2,40883
1671681833,18,2,40883
1672446331,7,3,1187
1672580993,14,2,40897
1672669553,30,2,24473
1672671713,22,2,40847
1673055413,2,2,40903
1673055473,6,2,40903
1673999897,24,2,40709
1674305993,22,2,40867
1676067257,16,2,40939
1676297033,30,2,24547
1676758913,22,2,40897
1676820617,4,2,40949
1676824697,12,2,40949
1677421217,24,2,40751
1677869057,16,2,40961
1678557473,30,2,24593
1679213633,22,2,40927
1680426113,6,2,40993
1681518737,28,2,37591
1681906217,12,2,41011
1682394353,6,2,41017
1682656433,18,2,41017
1682696153,30,2,24677
1683683633,30,2,24697
1684872593,14,2,41047
1685184617,4,2,41051
1685418017,24,2,40849
1687648817,8,2,41081
1688697137,20,2,41081
1689050513,22,2,41047
1689828953,26,2,40283
1690279793,10,2,41113
1690607753,6,2,41117
1690624073,14,2,41117
1692582137,8,2,41141
1692647417,16,2,41141
1692762833,14,2,41143
1692807737,20,2,41131
1693240217,4,2,41149
1693244297,12,2,41149
1694288777,20,2,41149
1695545333,2,2,41177
1695775577,16,2,41179
1696394033,30,2,24953
1697522417,4,2,41201
1697582297,20,2,41189
1697687213,2,2,41203
1697703593,14,2,41203
1697936059,1,3,1193
1698679337,24,2,41011
1701043937,20,2,41231
1702140053,2,2,41257
1702636193,10,2,41263
1702705673,22,2,41213
1703099393,30,2,25087
1703601233,30,2,25097
1704178937,20,2,41269
1704354593,22,2,41233
1705107953,30,2,25127
1705607417,4,2,41299
1705982153,26,2,40483
1706306033,26,2,40487
1706415233,30,2,25153
1706918393,30,2,25163
1707925313,30,2,25183
1708416953,6,2,41333
1709078537,8,2,41341
1710663593,18,2,41357
1710843713,26,2,40543
1711751537,28,2,37991
1712883833,6,2,41387
1712900153,14,2,41387
1713049337,4,2,41389
1713881297,12,2,41399
1714299617,24,2,41201
1716009473,30,2,25343
1716719273,30,2,25357
1718367593,14,2,41453
1718613353,18,2,41453
1719230873,22,2,41413
1719513113,10,2,41467
1720507697,8,2,41479
1720572977,16,2,41479
1721503097,4,2,41491
1721503337,8,2,41491
1722106193,30,2,25463
1722847433,14,2,41507
1723329173,2,2,41513
1723329233,6,2,41513
1723993697,8,2,41521
1724058977,16,2,41521
1725165353,30,2,25523
1725488537,4,2,41539
1725492617,12,2,41539
1725554057,16,2,41539
1725837233,14,2,41543
1725855497,24,2,41341
1725880193,30,2,25537
1726082993,18,2,41543
1727025353,22,2,41507
1728813497,8,2,41579
1729127417,28,2,38219
1729861817,20,2,41579
1729977653,2,2,41593
1729977713,6,2,41593
1729994033,14,2,41593
1730044817,28,2,38231
1730239793,18,2,41593
1730688233,26,2,40787
1730809673,6,2,41603
1731260893,29,3,1061
1731308897,4,2,41609
1731974693,2,2,41617
1732357457,20,2,41609
1732807133,2,2,41627
1732844753,30,2,25673
1734171953,22,2,41593
1734734753,18,2,41647
1734806057,8,2,41651
1735003913,22,2,41603
1735248857,28,2,38299
1735586273,26,2,40847
1735929113,30,2,25733
1736076473,26,2,40853
1736305577,4,2,41669
1736305817,8,2,41669
1736309657,12,2,41669
1736371097,16,2,41669
1737305777,4,2,41681
1737473993,30,2,25763
1737547697,28,2,38329
1738068113,18,2,41687
1739673473,26,2,40897
1740604577,24,2,41519
1741309697,8,2,41729
1742265737,24,2,41539
1742619353,26,2,40933
1743981137,4,2,41761
1744046657,16,2,41761
1744816457,4,2,41771
1744820537,12,2,41771
1745029697,20,2,41761
1745317793,6,2,41777
1745377217,28,2,38431
1746761057,28,2,38449
1747992497,4,2,41809
1747992737,8,2,41809
1748086097,24,2,41609
1749585833,30,2,25997
1749897833,30,2,26003
1750836713,6,2,41843
1751506457,8,2,41851
1752249497,24,2,41659
1752510833,6,2,41863
1752521273,22,2,41813
1753850897,8,2,41879
1754064713,30,2,26083
1754082977,24,2,41681
1754520773,2,2,41887
1754521793,10,2,41887
1754899217,20,2,41879
1755285593,18,2,41893
1755358673,6,2,41897
1755374993,14,2,41897
1755630593,30,2,26113
1755861413,2,2,41903
1757716553,26,2,41117
1757873333,2,2,41927
1758715073,22,2,41887
1759552913,22,2,41897
1759855313,26,2,41143
1760055233,10,2,41953
1760070593,14,2,41953
1760339033,30,2,26203
1760389913,6,2,41957
1760390873,10,2,41957
1760557697,4,2,41959
1760557937,8,2,41959
1761597353,30,2,26227
1762067633,22,2,41927
1762404377,4,2,41981
1763452937,20,2,41981
1764584153,22,2,41957
1765428293,2,2,42017
1765429313,10,2,42017
1765600457,12,2,42019
1766644937,20,2,42019
1768116017,24,2,41849
1768370897,28,2,38729
1768433273,30,2,26357
1769131817,12,2,42061
1769248913,26,2,41257
1769622593,22,2,42017
1769744033,26,2,41263
1769973137,12,2,42071
1770015593,30,2,26387
1770126833,22,2,42023
1770176297,20,2,42061
1770978953,6,2,42083
1772494457,8,2,42101
1773542777,20,2,42101
1775021177,4,2,42131
1775025257,12,2,42131
1775832833,30,2,26497
1777510313,26,2,41357
1779181577,24,2,41981
1779236777,4,2,42181
1779742973,2,2,42187
1779743033,6,2,42187
1780249253,2,2,42193
1780249313,6,2,42193
1780250273,10,2,42193
1780586813,2,2,42197
1780587833,10,2,42197
1780693217,24,2,41999
1781406953,22,2,42157
1781665217,16,2,42209
1782145433,26,2,41413
1782678377,16,2,42221
1783058513,30,2,26633
1783381673,18,2,42227
1784133137,4,2,42239
1784770613,4,3,1213
1784770853,8,3,1213
1785654113,6,2,42257
1785655073,10,2,42257
1785670433,14,2,42257
1786258073,30,2,26693
1787313833,22,2,42227
1788114233,18,2,42283
1788697853,2,2,42293
1789209497,12,2,42299
1789848353,22,2,42257
1791070913,30,2,26783
1791236333,2,2,42323
1791237353,10,2,42323
1791498473,18,2,42323
1792421573,2,2,42337
1794285137,8,2,42359
1795362593,30,2,26863
1795430633,22,2,42323
1795471193,6,2,42373
1795603697,28,2,39079
1796045177,16,2,42379
1796385377,28,2,39089
1796996897,4,2,42391
1797505673,6,2,42397
1798370033,14,2,42407
1798523297,4,2,42409
1798588817,16,2,42409
1798731617,28,2,39119
1798805153,30,2,26927
1800206033,30,2,26953
1800296777,28,2,39139
1801409273,10,2,42443
1801424633,14,2,42443
1801581473,26,2,41647
1802019377,28,2,39161
1802087657,8,2,42451
1802487361,11,3,1217
1802547953,22,2,42407
1803002057,16,2,42461
1803106433,6,2,42463
1803135977,20,2,42451
1803586217,28,2,39181
1803955793,6,2,42473
1804217873,18,2,42473
1804231399,11,5,71
1804360423,17,5,71
1804753793,22,2,42433
1805146193,10,2,42487
1805489177,12,2,42491
1806326503,21,5,71
1806689153,30,2,27073
1806791153,22,2,42457
1807015097,4,2,42509
1809615953,30,2,27127
1811098313,6,2,42557
1811114633,14,2,42557
1811360393,18,2,42557
1812120017,8,2,42569
1812290057,4,2,42571
1812817313,14,2,42577
1813827017,12,2,42589
1815292553,22,2,42557
1815435833,26,2,41813
1815762857,16,2,42611
1818320417,16,2,42641
1818426473,10,2,42643
1819713737,24,2,42461
1821053393,30,2,27337
1822100633,18,2,42683
1822293017,28,2,39419
1822350977,8,2,42689
1822694513,30,2,27367
1822970273,26,2,41903
1823375417,4,2,42701
1823399297,20,2,42689
1823440937,16,2,42701
1823546273,6,2,42703
1823547233,10,2,42703
1823792297,24,2,42509
1823808353,18,2,42703
1824058697,4,2,42709
1824058937,8,2,42709
1825520633,22,2,42677
1825596533,2,2,42727
1825961537,20,2,42719
1826452193,10,2,42737
1826713313,18,2,42737
1826965073,10,2,42743
1827740513,22,2,42703
1828606457,28,2,39499
1829016353,6,2,42767
1829067257,24,2,42571
1829530553,10,2,42773
1830727373,2,2,42787
1830989513,18,2,42787
1831240913,6,2,42793
1832537153,26,2,42017
1833041393,26,2,42023
1833210593,22,2,42767
1833703577,16,2,42821
1833723833,22,2,42773
1835032097,24,2,42641
1835091017,28,2,39581
1835371817,20,2,42829
1835435153,22,2,42793
1836379613,2,2,42853
1836641753,18,2,42853
1839536753,30,2,27673
1840573913,22,2,42853
1842223697,28,2,39671
1842384953,10,2,42923
1842899057,4,2,42929
1843586993,10,2,42937
1844101313,6,2,42943
1844117633,14,2,42943
1844960213,2,2,42953
1845081353,30,2,27773
1845647777,8,2,42961
1846163153,6,2,42967
1846748633,30,2,27803
1848054137,4,2,42989
1848243017,20,2,42979
1849258013,2,2,43003
1849890593,26,2,42223
1850008817,28,2,39769
1850118173,2,2,43013
1850118233,6,2,43013
1850380313,18,2,43013
1850415257,24,2,42821
1851879461,26,3,1213
1852128497,24,2,42841
1853100713,30,2,27917
1854147497,28,2,39821
1854684113,18,2,43063
1855112033,30,2,27953
1855740737,28,2,39841
1856332117,7,3,1229
1856463061,17,3,1229
1856856277,19,3,1229
1857101417,24,2,42899
1858960793,22,2,43067
1860455693,2,2,43133
1860525257,28,2,39901
1862008817,4,2,43151
1862012897,12,2,43151
1862074337,16,2,43151
1862424737,24,2,42961
1863057377,20,2,43151
1864644953,30,2,28123
1864649993,22,2,43133
1865289737,4,2,43189
1865289977,8,2,43189
1865293817,12,2,43189
1865355257,16,2,43189
1865409647,8,3,1231
1866326417,4,2,43201
1866845873,10,2,43207
1866896393,30,2,28163
1867411577,24,2,43019
1868244113,14,2,43223
1869155537,28,2,40009
1869993617,24,2,43049
1870554953,26,2,42467
1870916417,28,2,40031
1871064593,26,2,42473
1873330553,30,2,28277
1873669913,30,2,28283
1874110937,8,2,43291
1874114777,12,2,43291
1874462033,30,2,28297
1876016993,10,2,43313
1876278113,18,2,43313
1876535777,4,2,43319
1876539857,12,2,43319
1877575577,4,2,43331
1877612393,22,2,43283
1878207113,26,2,42557
1879563593,30,2,28387
1882066937,24,2,43189
1882177313,30,2,28433
1882779137,8,2,43391
1882782977,12,2,43391
1882973633,30,2,28447
1883299673,6,2,43397
1883473217,4,2,43399
1883538737,16,2,43399
1884514937,4,2,43411
1887120497,4,2,43441
1887186017,16,2,43441
1891119233,6,2,43487
1891135553,14,2,43487
1892819069,4,3,1237
1892819309,8,3,1237
1892884589,16,3,1237
1893211577,20,2,43499
1893560033,26,2,42737
1893745673,14,2,43517
1894352777,24,2,43331
1895818697,4,2,43541
1895822777,12,2,43541
1896009233,14,2,43543
1896685793,30,2,28687
1897259633,30,2,28697
1897445777,28,2,40361
1897836233,26,2,42787
1898607353,10,2,43573
1898954933,2,2,43577
1899133337,12,2,43579
1899194777,16,2,43579
1900714793,14,2,43597
1902110153,14,2,43613
1902793457,20,2,43609
1902939497,28,2,40429
1903149233,22,2,43577
1903316153,10,2,43627
1903838753,6,2,43633
1904100833,18,2,43633
1905235457,8,2,43649
1905314393,30,2,28837
1905409817,4,2,43651
1905413897,12,2,43651
1906283777,20,2,43649
1906287017,12,2,43661
1906288073,22,2,43613
1906458377,20,2,43651
1906985657,12,2,43669
1907045513,30,2,28867
1908969017,16,2,43691
1910513153,30,2,28927
1910860313,30,2,28933
1911197417,28,2,40531
1914326033,10,2,43753
1914587153,18,2,43753
1914850337,8,2,43759
1915906457,24,2,43579
1916064737,28,2,40591
1916426753,10,2,43777
1916780057,12,2,43781
1916841497,16,2,43781
1917301433,6,2,43787
1918527617,4,2,43801
1919213753,30,2,29077
1921875353,26,2,43067
1924115513,26,2,43093
1924313753,6,2,43867
1926244337,4,2,43889
1926244577,8,2,43889
1926248417,12,2,43889
1927292897,20,2,43889
1928101577,28,2,40739
1928351573,2,2,43913
1928507993,22,2,43867
1929079457,28,2,40751
1930109513,10,2,43933
1931249393,18,2,43943
1931470193,30,2,29287
1931627297,24,2,43759
1932569777,8,2,43961
1933007513,18,2,43963
1933273217,8,2,43969
1933553177,24,2,43781
1934166713,30,2,29333
1934988233,30,2,29347
1935208097,4,2,43991
1935208337,8,2,43991
1935304817,24,2,43801
1935442697,28,2,40829
1935737033,10,2,43997
1936939673,22,2,43963
1937497313,10,2,44017
1937512673,14,2,44017
1937848457,4,2,44021
1938618377,16,2,44029
1939454753,30,2,29423
1940658257,20,2,44041
1940666813,2,2,44053
1941199577,12,2,44059
1941221033,30,2,29453
1942399553,30,2,29473
1943301617,20,2,44071
1943663633,6,2,44087
1944888497,20,2,44089
1944898217,4,2,44101
1945256057,28,2,40949
1946855513,14,2,44123
1947545417,8,2,44131
1947610697,16,2,44131
1947949313,30,2,29567
1948457633,14,3,1249
1950050177,24,2,43969
1951033433,22,2,44123
1951077257,4,2,44171
1951784057,4,2,44179
1952667737,4,2,44189
1952832617,20,2,44179
1953728657,8,2,44201
1953793937,16,2,44201
1954167353,18,2,44203
1954258853,2,2,44207
1954275233,14,2,44207
1956386897,24,2,44041
1957198553,30,2,29723
1957974017,4,2,44249
1958453153,22,2,44207
1959022577,20,2,44249
1959214193,10,2,44263
1959567293,2,2,44267
1959583673,14,2,44267
1960098533,2,2,44273
1960360673,18,2,44273
1960695377,16,2,44279
1960806977,4,2,44281
1960838153,26,2,43517
1961855537,20,2,44281
1961886233,14,2,44293
1963101713,26,2,43543
1964322377,24,2,44131
1964969177,28,2,41189
1965957857,28,2,41201
1966063793,26,2,43577
1967076737,16,2,44351
1967543453,2,2,44357
1967613563,30,7,19
1967854457,24,2,44171
1968768713,30,2,29917
1969677257,12,2,44381
1970383577,8,2,44389
1970423993,26,2,43627
1970505617,24,2,44201
1972869893,2,2,44417
1972869953,6,2,44417
1972886273,14,2,44417
1973132033,18,2,44417
1975779137,16,2,44449
1976069213,2,2,44453
1976070233,10,2,44453
1977343127,14,11,7
1977392279,16,11,7
1977407057,24,2,44279
1977513737,28,2,41341
1977588887,18,11,7
1978284953,26,2,43717
1978340657,28,2,41351
1978737353,6,2,44483
1978999433,18,2,44483
1979449097,4,2,44491
1979449337,8,2,44491
1979932433,30,2,30103
1979999393,14,2,44497
1980404537,16,2,44501
1980497657,20,2,44491
1980873053,2,2,44507
1980873113,6,2,44507
1982123537,12,4,211
1982184977,16,4,211
1982931593,22,2,44483
1983188093,2,2,44533
1983189113,10,2,44533
1984058537,20,2,44531
1984078913,6,2,44543
1984079873,10,2,44543
1984613417,4,2,44549
1985600633,30,2,30197
1985861993,10,2,44563
1987160537,24,2,44389
1988001593,10,2,44587
1988273153,22,2,44543
1989938537,28,2,41491
1990194473,26,2,43853
1991213153,10,2,44623
1992082217,20,2,44621
1992121073,14,2,44633
1992256073,30,2,30307
1992819137,8,2,44641
1993354673,6,2,44647
1993355633,10,2,44647
1993616753,18,2,44647
1993777337,16,2,44651
1995460433,26,2,43913
1995616981,1,3,1259
1996141267,19,3,1259
1996832633,18,2,44683
1996928993,10,2,44687
1997190113,18,2,44687
1997217353,26,2,43933
1997248697,28,2,41579
1998000857,8,2,44699
1998084233,30,2,30403
2000683457,4,2,44729
2000733593,26,2,43973
2000764793,22,2,44683
2001390617,24,2,44549
2001757097,4,2,44741
2001979913,30,2,30467
2002847393,14,2,44753
2004442697,8,2,44771
2004446537,12,2,44771
2004507977,16,2,44771
2004605153,26,2,44017
2004637913,14,2,44773
2004741017,28,2,41669
2004979733,2,2,44777
2006771213,2,2,44797
2006772233,10,2,44797
2007103097,20,2,44789
2007775673,26,2,44053
2008742777,4,2,44819
2008815833,22,2,44773
2009596097,24,2,44641
2009791337,20,2,44819
2010535937,4,2,44839
2010895673,10,2,44843
2011612217,4,2,44851
2011612457,8,2,44851
2011677737,16,2,44851
2012660777,20,2,44851
2013047753,6,2,44867
2015104913,18,2,44887
2015550113,26,3,1249
2015643593,18,2,44893
2015850737,24,2,44711
2016047633,30,2,30697
2016416033,30,2,30703
2016427937,28,2,41809
2016822377,12,2,44909
2017030193,30,2,30713
2017553273,14,2,44917
2017890353,30,2,30727
2018435333,2,2,44927
2018436353,10,2,44927
2019513737,4,2,44939
2019774257,28,2,41849
2020103993,30,2,30763
2020772213,2,2,44953
2021311937,8,2,44959
2022629633,22,2,44927
2023429313,30,2,30817
2023470353,6,2,44983
2023831193,10,2,44987
2024623697,24,2,44809
2024966513,22,2,44953
2024967377,28,2,41911
2026170233,6,2,45013
2026322033,26,2,44263
2026432313,18,2,45013
2026676153,26,2,44267
2027313137,24,2,44839
2028993137,28,2,41959
2029772813,2,2,45053
2030034953,18,2,45053
2030493977,8,2,45061
2030559257,16,2,45061
2030839817,28,2,41981
2031936953,10,2,45077
2032477913,10,2,45083
2032493273,14,2,45083
2035789697,16,2,45119
2035908737,12,2,45121
2036959553,26,2,44383
2037349793,10,2,45137
2037529337,4,2,45139
2038577897,20,2,45139
2038651793,30,2,31063
2039515937,4,2,45161
2039978753,26,2,44417
2041146137,12,2,45179
2041207577,16,2,45179
2042226737,8,2,45191
2042371337,20,2,45181
2042768873,6,2,45197
2043030953,18,2,45197
2044435607,26,11,7
2047291073,6,2,45247
2047307393,14,2,45247
2047553153,18,2,45247
2048381177,12,2,45259
2048617553,30,2,31223
2049491993,30,2,31237
2050218593,22,2,45233
2050296953,26,2,44533
2050368977,4,2,45281
2050434497,16,2,45281
2051093777,8,2,45289
2051187713,26,2,44543
2052725273,10,2,45307
2053206053,28,3,1213
2053631513,10,2,45317
2053811777,4,2,45319
2053812017,8,2,45319
2053815857,12,2,45319
2053870073,30,2,31307
2055650153,22,2,45293
2055749393,30,2,31337
2055806537,8,2,45341
2055871817,16,2,45341
2055988673,10,2,45343
2056293137,24,2,45161
2056854857,20,2,45341
2057624417,12,2,45361
2058099977,24,2,45181
2058320993,26,2,44623
2059088513,14,2,45377
2061432413,2,2,45403
2061716863,29,3,1151
2062340573,2,2,45413
2063266433,22,2,45377
2063612333,2,2,45427
2063612393,6,2,45427
2063874473,18,2,45427
2064036833,26,2,44687
2064173873,14,2,45433
2064702737,4,2,45439
2064702977,8,2,45439
2065432337,28,2,42391
2065751297,20,2,45439
2068351793,22,2,45433
2068525457,12,2,45481
2069569937,20,2,45481
2069978033,10,2,45497
2070523073,6,2,45503
2070785153,18,2,45503
2071495457,24,2,45329
2072343593,6,2,45523
2073071597,2,5,73
2073075689,12,5,73
2075075813,2,2,45553
2075440253,2,2,45557
2075440313,6,2,45557
2075441273,10,2,45557
2075450537,28,2,42509
2075907473,30,2,31657
2076938537,24,2,45389
2078361017,12,2,45589
2079334337,16,2,45599
2082188177,4,2,45631
2083236737,20,2,45631
2084132777,28,2,42611
2084744297,4,2,45659
2084744537,8,2,45659
2085474953,6,2,45667
2085475913,10,2,45667
2086022933,2,2,45673
2086650473,18,2,45677
2087372657,28,2,42649
2087667497,4,2,45691
2088215873,6,2,45697
2088477953,18,2,45697
2088780233,26,2,44963
2089848809,24,5,73
2092257023,14,3,1279
2092494137,28,2,42709
2093324153,22,2,45707
2093703113,6,2,45757
2094202577,20,2,45751
2094252233,6,2,45763
2094514313,18,2,45763
2094619313,10,2,45767
2094991673,30,2,31957
2096014553,30,2,31973
2096067473,22,2,45737
2097933833,30,2,32003
2099197493,2,2,45817
2099470553,30,2,32027
2099747393,6,2,45823
2099763713,14,2,45823
2100113993,6,2,45827
2100376073,18,2,45827
2100664913,10,2,45833
2100680273,14,2,45833
2101397297,4,2,45841
2101401377,12,2,45841
2101462817,16,2,45841
2102498633,10,2,45853
2103415793,10,2,45863
2103431153,14,2,45863
2103941633,22,2,45823
2104030697,16,2,45869
2104444697,24,2,45691
2105013737,20,2,45869
2108759657,28,2,42899
2108931257,28,2,42901
2109877673,26,2,45197
2111314697,12,2,45949
2111932189,1,3,1283
2112229697,4,2,45959
2112359177,20,2,45949
2112494057,24,2,45779
2112708113,30,2,32233
2113336937,12,2,45971
2114133977,16,2,45979
2114255873,30,2,32257
2114988137,4,2,45989
2116341257,24,2,45821
2117936537,12,2,46021
2118518153,30,2,32323
2118776753,30,2,32327
2120739353,26,2,45317
2121681257,16,2,46061
2124344393,30,2,32413
2124384377,12,2,46091
2124564653,2,2,46093
2124565673,10,2,46093
2125121897,12,2,46099
2125183337,16,2,46099
2126290073,30,2,32443
2126915633,22,2,46073
2127847913,30,2,32467
2128087817,24,2,45949
2128270073,14,2,46133
2128992137,8,2,46141
2128995977,12,2,46141
2130446873,30,2,32507
2130721193,26,2,45427
2131761497,8,2,46171
2131826777,16,2,46171
2132750297,16,2,46181
2133733337,20,2,46181
2134709657,24,2,46021
2134761857,28,2,43201
2136195977,4,2,46219
2137063793,22,2,46183
2137124537,12,2,46229
2137876553,14,2,46237
2138122313,18,2,46237
2138169017,20,2,46229
2138392937,24,2,46061
2138654513,30,2,32633
2139949577,28,2,43261
2140180457,26,5,73
2141190593,6,2,46273
2141702617,11,3,1289
2141749937,12,2,46279
2142054017,20,2,46271
2142546137,28,2,43291
2144339273,10,2,46307
2144971217,28,2,43319
2145144497,28,2,43321
2145283433,26,2,45587
2145384833,22,2,46273
2146011017,28,2,43331
2146191953,10,2,46327
2146453073,18,2,46327
2147118593,10,2,46337
2147484377,31,6,3
2147508037,31,3,29
2147841559,31,3,71
2148229817,4,2,46349
2148295337,16,2,46349
2148466913,30,2,32783
2149278377,20,2,46349
2149385033,30,2,32797
2149463777,20,2,46351
2149731739,31,3,131
2150055001,31,3,137
2150089177,23,3,1289
2151197417,8,2,46381
2151201257,12,2,46381
2151214337,28,2,43391
2151311873,22,2,46337
2152266617,31,14,3
2152404473,30,2,32843
2152583753,26,2,45667
2152871297,12,2,46399
2153919991,31,5,23
2156238713,26,2,45707
2156646257,16,2,46439
2157324833,10,2,46447
2158252853,2,2,46457
2158253873,10,2,46457
2159554097,8,2,46471
2160598457,28,2,43499
2160602417,20,2,46471
2161231217,12,2,46489
2161300697,24,2,46309
2162275697,20,2,46489
2162902073,10,2,46507
2163163193,18,2,46507
2163273377,8,2,46511
2163338657,16,2,46511
2164389593,6,2,46523
2164405913,14,2,46523
2166306353,26,2,45817
2166809657,8,2,46549
2166813497,12,2,46549
2167564697,28,2,43579
2169606473,26,2,45853
2170535177,8,2,46589
2170786817,16,2,46591
2173331417,8,2,46619
2173357937,24,2,46439
2175196577,8,2,46639
2176194737,16,2,46649
2176244897,20,2,46639
2176331057,24,2,46471
2177436593,10,2,46663
2177563879,31,3,311
2178787073,26,2,45953
2178994577,16,2,46679
2179086977,28,2,43711
2179676033,6,2,46687
2179692353,14,2,46687
2179763753,22,2,46643
2180049737,8,2,46691
2181098057,20,2,46691
2181170213,2,2,46703
2181170273,6,2,46703
2181890609,16,3,1297
2183039753,10,2,46723
2185211417,28,2,43781
2185283033,10,2,46747
2185911977,28,2,43789
2186164433,30,2,33353
2187233033,22,2,46723
2187339617,8,2,46769
2188575017,20,2,46771
2189265571,31,3,347
2190108377,24,2,46619
2190530369,31,16,3
2190896273,10,2,46807
2191335257,16,2,46811
2191673513,26,2,46093
2191847873,14,2,46817
2192093633,18,2,46817
2192955497,8,2,46829
2194003817,20,2,46829
2195522873,30,2,33493
2195892977,24,2,46681
2195953577,8,2,46861
2196192833,30,2,33503
2197469513,14,2,46877
2198578337,4,2,46889
2199143033,30,2,33547
2200347833,26,2,46187
2201708417,28,2,43969
2202074029,7,3,1301
2202075949,11,3,1301
2203575593,30,2,33613
2204960873,10,2,46957
2204976233,14,2,46957
2205189593,30,2,33637
2206900793,22,2,46933
2208299393,26,2,46273
2208342113,6,2,46993
2208604193,18,2,46993
2208795977,24,2,46819
2210598293,2,2,47017
2212246151,10,3,1303
2213796857,8,2,47051
2214361313,6,2,47057
2214549737,8,2,47059
2215355537,24,2,46889
2217185573,2,2,47087
2217186593,10,2,47087
2217750653,2,2,47093
2218452737,28,2,44159
2219512697,28,2,44171
2220200417,8,2,47119
2220494897,20,2,47111
2220593513,14,2,47123
2221043707,31,3,419
2221248737,20,2,47119
2221896773,2,2,47137
2222463473,10,2,47143
2222477273,30,2,33893
2222839673,6,2,47147
2223028217,4,2,47149
2223093737,16,2,47149
2223101753,18,2,47147
2223932297,28,2,44221
2224159937,4,2,47161
2224160177,8,2,47161
2224225457,16,2,47161
2224432673,26,2,46447
2224511753,30,2,33923
2226867257,16,2,47189
2227220393,26,2,46477
2227498913,30,2,33967
2229537833,30,2,33997
2230871417,20,2,47221
2231335193,10,2,47237
2231350553,14,2,47237
2231498393,26,2,46523
2232661097,12,2,47251
2232681571,7,3,1307
2234362457,12,2,47269
2234423897,16,2,47269
2234806969,29,3,1193
2235369377,16,2,47279
2235406937,20,2,47269
2235446657,28,2,44351
2235528473,22,2,47237
2236003291,30,19,3
2236060373,2,2,47287
2236061393,10,2,47287
2236076753,14,2,47287
2236627853,2,2,47293
2237268353,18,2,47297
2237573873,6,2,47303
2238120953,30,2,34123
2238898553,6,2,47317
2238899513,10,2,47317
2242219313,30,2,34183
2243270153,14,2,47363
2243515913,18,2,47363
2244544433,26,2,46663
2245717337,4,2,47389
2245762199,28,11,7
2245782857,16,2,47389
2246007737,20,2,47381
2246500913,22,2,47353
2246765897,20,2,47389
2247685793,18,2,47407
2247884537,28,2,44491
2248279073,26,2,46703
2248388273,14,2,47417
2249331211,31,3,467
2249700017,8,2,47431
2250521393,26,2,46727
2250554897,28,4,211
2250714017,16,2,47441
2252356937,8,2,47459
2253325913,26,2,46757
2253405257,20,2,47459
2255395097,4,2,47491
2255966033,10,2,47497
2256227153,18,2,47497
2257393577,20,2,47501
2257486193,10,2,47513
2257758137,24,2,47339
2258004113,26,2,46807
2260159313,22,2,47497
2260336913,6,2,47543
2262813857,12,2,47569
2266436057,28,2,44699
2266617137,8,2,47609
2266960673,30,2,34543
2267950193,6,2,47623
2269478417,12,2,47639
2270808413,2,2,47653
2271189653,2,2,47657
2271445817,16,2,47659
2274489977,28,2,44789
2275022657,24,2,47521
2275450913,26,2,46993
2275450937,16,2,47701
2276339777,8,2,47711
2276343617,12,2,47711
2276530433,6,2,47713
2276913113,10,2,47717
2277178217,28,2,44819
2279203097,4,2,47741
2279394053,2,2,47743
2279395073,10,2,47743
2280251657,20,2,47741
2281680497,24,2,47591
2282832857,4,2,47779
2282833097,8,2,47779
2282836937,12,2,47779
2283015473,22,2,47737
2284294433,26,2,47087
2284569593,14,2,47797
2284815353,18,2,47797
2285298857,24,2,47629
2285509313,6,2,47807
2285525633,14,2,47807
2285700497,4,2,47809
2285766017,16,2,47809
2286656777,4,2,47819
2287705337,20,2,47819
2287776473,30,2,34843
2287949177,28,2,44939
2288055233,30,2,34847
2288379593,10,2,47837
2289571313,26,2,47143
2290146953,30,2,34877
2290554593,18,2,47857
2291506697,16,2,47869
2291971817,24,2,47699
2292659393,30,2,34913
2294697473,6,2,47903
2294698433,10,2,47903
2294713793,14,2,47903
2294752951,13,3,1319
2295609713,26,2,47207
2296039913,10,2,47917
2296153193,30,2,34963
2296512497,20,2,47911
2298891713,22,2,47903
2298914873,6,2,47947
2300449373,2,2,47963
2301025217,8,2,47969
2301766793,22,2,47933
2302054673,18,2,47977
2302073537,20,2,47969
2305986833,22,2,47977
2306208533,2,2,48023
2306788937,12,2,48029
2306945513,30,2,35117
2308218377,24,2,47869
2308706417,4,2,48049
2308706657,8,2,48049
2309754977,20,2,48049
2309826593,22,2,48017
2311590257,4,2,48079
2312744297,4,2,48091
2312744537,8,2,48091
2314683353,30,2,35227
2315480753,26,2,47417
2315696177,16,2,48121
2316075617,24,2,47951
2316593177,4,2,48131
2316679217,20,2,48121
2317503113,30,2,35267
2319097673,10,2,48157
2319358793,18,2,48157
2319936713,18,2,48163
2321216297,8,2,48179
2321281577,16,2,48179
2322566273,10,2,48193
2322827393,18,2,48193
2323073873,26,2,47497
2323576433,30,2,35353
2324241737,28,2,45341
2324283593,30,2,35363
2324594033,26,2,47513
2325268937,12,2,48221
2325330377,16,2,48221
2325483617,24,2,48049
2326055777,28,2,45361
2327001137,4,2,48239
2327005217,12,2,48239
2327773013,2,2,48247
2330154977,16,2,48271
2331055217,8,2,48281
2332793657,8,2,48299
2332858937,16,2,48299
2333952977,8,2,48311
2333956817,12,2,48311
2334408113,18,2,48313
2335001297,20,2,48311
2336466593,10,2,48337
2336620193,30,2,35537
2336727713,18,2,48337
2337993257,24,2,48179
2338012673,6,2,48353
2338013633,10,2,48353
2338340273,22,2,48313
2339757737,12,2,48371
2341176833,18,2,48383
2342206913,22,2,48353
2343431537,8,2,48409
2343778337,24,2,48239
2343818573,2,2,48413
2343819593,10,2,48413
2346159353,14,2,48437
2346502913,26,2,47743
2346866657,24,2,48271
2347704257,28,2,45599
2348012873,22,2,48413
2348662373,2,2,48463
2348678753,14,2,48463
2350217537,12,2,48479
2350989233,6,2,48487
2350990193,10,2,48487
2351442617,16,2,48491
2351662073,26,2,47797
2353629497,24,2,48341
2354482553,10,2,48523
2355183473,22,2,48487
2356153313,22,2,48497
2356294217,16,2,48541
2357083097,20,2,48539
2357277257,20,2,48541
2357947693,1,9,11
2357947723,5,9,11
2358365033,6,2,48563
2359064033,22,2,48527
2359142297,8,2,48571
2359146137,12,2,48571
2360208497,24,2,48409
2360891177,8,2,48589
2361939497,20,2,48589
2363029577,8,2,48611
2363033417,12,2,48611
2363807417,8,2,48619
2364082817,24,2,48449
2364196193,6,2,48623
2365473953,22,2,48593
2366725217,4,2,48649
2366729297,12,2,48649
2367079193,30,2,35963
2367184577,24,2,48481
2367558233,26,2,47963
2367897017,12,2,48661
2367958457,16,2,48661
2367999497,28,2,45821
2368390433,22,2,48623
2369451353,10,2,48677
2369466713,14,2,48677
2369649137,12,2,48679
2370245873,30,2,36007
2370693617,20,2,48679
2372400617,28,2,45869
2374905353,6,2,48733
2375003153,30,2,36073
2375919257,24,2,48571
2376660017,4,2,48751
2377507193,18,2,48757
2377639217,12,2,48761
2378122193,26,2,48073
2379391097,8,2,48779
2379394937,12,2,48779
2379585977,4,2,48781
2379651497,16,2,48781
2380171373,2,2,48787
2380187753,14,2,48787
2380433513,18,2,48787
2380584377,24,2,48619
2381407937,16,2,48799
2381768297,28,2,45971
2382322577,12,2,48809
2382503897,28,2,45979
2383490297,8,2,48821
2383685333,2,2,48823
2384670137,24,2,48661
2386029413,2,2,48847
2386029473,6,2,48847
2386205513,26,2,48157
2386422257,24,2,48679
2387007473,10,2,48857
2387202137,8,2,48859
2387293793,22,2,48817
2388183257,12,2,48869
2388378737,12,2,48871
2389423217,20,2,48871
2390134337,4,2,48889
2390199857,16,2,48889
2390223713,22,2,48847
2391182897,20,2,48889
2393202901,29,3,1229
2394555473,30,2,36343
2397427337,28,2,46141
2398354733,2,2,48973
2398354793,6,2,48973
2399987657,16,2,48989
2401310393,14,2,49003
2401882097,4,2,49009
2402549033,22,2,48973
2402783057,28,2,46199
2403910937,20,2,49019
2404235153,6,2,49033
2404643753,14,2,49037
2405215853,2,2,49043
2405480873,30,2,36493
2405555897,28,2,46229
2406589253,2,2,49057
2406605633,14,2,49057
2407963553,30,2,36527
2409993137,20,2,49081
2410594793,30,2,36563
2410783553,22,2,49057
2411120993,14,2,49103
2411366753,18,2,49103
2413069133,2,2,49123
2413251833,26,2,48437
2414645417,12,2,49139
2416410653,2,2,49157
2417590577,4,2,49169
2417656097,16,2,49169
2417787257,4,2,49171
2418377393,6,2,49177
2418639473,18,2,49177
2418659297,24,2,49009
2419967633,14,2,49193
2420541857,8,2,49199
2422771097,20,2,49211
2422920113,14,2,49223
2424145553,22,2,49193
2426711657,16,2,49261
2427025193,30,2,36787
2427466673,30,2,36793
2428239113,14,2,49277
2429649857,24,2,49121
2431180253,2,2,49307
2431196633,14,2,49307
2433639473,26,2,48647
2433654953,30,2,36877
2433761273,14,2,49333
2434337177,8,2,49339
2434388513,22,2,49297
2435385497,20,2,49339
2436967913,18,2,49363
2437939193,22,2,49333
2439471137,8,2,49391
2439684833,14,2,49393
2440088657,28,2,46601
2440519457,20,2,49391
2440900073,22,2,49363
2441294993,22,2,49367
2441451017,12,2,49411
2443621493,2,2,49433
2443621553,6,2,49433
2443862753,22,2,49393
2444353913,26,2,48757
2446850513,18,2,49463
2447815793,22,2,49433
2447973533,2,2,49477
2447974553,10,2,49477
2448369377,4,2,49481
2449417937,20,2,49481
2450208353,26,2,48817
2450216537,16,2,49499
2451114137,24,2,49339
2451413513,30,2,37117
2452528553,10,2,49523
2453385497,16,2,49531
2453914433,6,2,49537
2454368537,20,2,49531
2454905273,6,2,49547
2455107497,12,2,49549
2456151977,20,2,49549
2456248097,24,2,49391
2458026497,24,2,49409
2459293553,30,2,37223
2460457613,2,2,49603
2461390697,28,2,46829
2461527833,30,2,37253
2462839133,2,2,49627
2462855513,14,2,49627
2462917673,26,2,48947
2463435713,10,2,49633
2463505073,26,2,48953
2464388777,28,2,46861
2465146577,24,2,49481
2465554073,30,2,37307
2466810893,2,2,49667
2467013657,12,2,49669
2467033433,22,2,49627
2468202017,8,2,49681
2468267297,16,2,49681
2470053953,18,2,49697
2471005193,22,2,49667
2471183537,4,2,49711
2471249057,16,2,49711
2472232097,20,2,49711
2472973457,4,4,223
2472977537,12,4,223
2473698113,26,2,49057
2473972217,12,2,49739
2474033657,16,2,49739
2474222753,30,2,37423
2474764073,6,2,49747
2474780393,14,2,49747
2475016697,20,2,49739
2475759053,2,2,49757
2478347093,2,2,49783
2478348113,10,2,49783
2478948617,12,2,49789
2480737313,6,2,49807
2480753633,14,2,49807
2480999393,18,2,49807
2482232057,28,2,47051
2482331333,2,2,49823
2482541393,22,2,49783
2482593473,18,2,49823
2482939673,22,2,49787
2483132657,12,2,49831
2484341033,14,2,49843
2485021313,30,2,37567
2485337993,14,2,49853
2486525633,22,2,49823
2487060113,26,2,49193
2487116897,8,2,49871
2487120737,12,2,49871
2487715133,2,2,49877
2488028273,30,2,37607
2489111897,4,2,49891
2489115977,12,2,49891
2489984513,30,2,37633
2490160457,20,2,49891
2490745337,24,2,49739
2491972097,16,2,49919
2492106257,4,2,49921
2492106497,8,2,49921
2492243393,30,2,37663
2492595377,28,2,47161
2492705333,2,2,49927
2492706353,10,2,49927
2492967473,18,2,49927
2495701853,2,2,49957
2495701913,6,2,49957
2498289113,26,2,49307
2498497553,22,2,49943
2499300053,2,2,49993
2499316433,14,2,49993
2499965537,16,2,49999
2500148657,20,2,49991
2503149017,20,2,50021
2503301093,2,2,50033
2503494353,22,2,49993
2503564793,30,2,37813
2503893857,24,2,49871
2504209553,26,2,49367
2505168137,16,2,50051
2506576937,28,2,47309
2506591433,30,2,37853
2507953337,20,2,50069
2508683777,24,2,49919
2508707573,2,2,50087
2508896513,22,2,50047
2509148753,26,2,49417
2509497113,22,2,50053
2509924433,30,2,37897
2510114297,12,2,50101
2510730353,26,2,49433
2511112577,8,2,50111
2511158777,20,2,50101
2511900233,22,2,50077
2513117417,8,2,50131
2513121257,12,2,50131
2513697233,26,2,49463
2514475673,30,2,37957
2514721673,6,2,50147
2517731393,6,2,50177
2518915913,22,2,50147
2519517713,22,2,50153
2520743873,10,2,50207
2521008913,5,3,1361
2521009009,7,3,1361
2521139953,17,3,1361
2522148857,4,2,50221
2522214377,16,2,50221
2523830537,28,2,47491
2526172217,12,2,50261
2526385553,14,2,50263
2526631313,18,2,50263
2527374593,6,2,50273
2527375553,10,2,50273
2528782433,6,2,50287
2529188777,12,2,50291
2529397489,23,3,1361
2530563473,22,2,50263
2531225153,30,2,38177
2531262257,16,2,50311
2531683313,30,2,38183
2533008497,8,2,50329
2535809993,30,2,38237
2537842133,2,2,50377
2537858513,14,2,50377
2538708833,18,2,50383
2539883393,26,2,49727
2541273017,12,2,50411
2541873953,6,2,50417
2541934313,30,2,38317
2542317497,20,2,50411
2542867913,26,2,49757
2544774977,28,2,47711
2545343057,20,2,50441
2546068193,22,2,50417
2546114777,12,2,50459
2547638537,28,2,47741
2547973937,24,2,50311
2549785457,24,2,50329
2549963393,14,2,50497
2550209153,18,2,50497
2550815153,18,2,50503
2551433513,26,2,49843
2553239873,18,2,50527
2554190537,4,2,50539
2554594853,2,2,50543
2554595873,10,2,50543
2554747313,22,2,50503
2555201417,4,2,50549
2555403857,8,2,50551
2555757473,22,2,50513
2556249977,20,2,50549
2558046137,24,2,50411
2559044573,2,2,50587
2559304673,30,2,38543
2559449537,8,2,50591
2559876617,28,2,47869
2560324337,16,2,50599
2561025617,28,2,47881
2563109513,14,2,50627
2563355273,18,2,50627
2563933433,30,2,38603
2565119633,10,2,50647
2565523817,4,2,50651
2566408913,26,2,49993
2568782873,14,2,50683
2569028633,18,2,50683
2573084873,18,2,50723
2576417513,26,2,50093
2577550433,18,2,50767
2578304753,10,2,50777
2579588057,16,2,50789
2580025697,28,2,48079
2581179737,28,2,48091
2582301017,24,2,50651
2582774297,8,2,50821
2582778137,12,2,50821
2583822617,20,2,50821
2584066097,28,2,48121
2584603937,4,2,50839
2584851953,30,2,38873
2585028617,28,2,48131
2585621057,8,2,50849
2585652497,20,2,50839
2586435473,10,2,50857
2587452713,10,2,50867
2587713833,18,2,50867
2587851713,26,2,50207
2588062193,6,2,50873
2588078513,14,2,50873
2588194729,31,3,761
2588282119,1,3,1373
2589959417,16,2,50891
2590113833,14,2,50893
2590359593,18,2,50893
2590628753,22,2,50857
2591078033,30,2,38953
2591726297,4,2,50909
2591726537,8,2,50909
2592774857,20,2,50909
2593763057,4,2,50929
2593828577,16,2,50929
2594195873,30,2,38993
2596004657,8,2,50951
2596008497,12,2,50951
2597843057,12,2,50969
2598097673,30,2,39043
2599551257,24,2,50821
2599943657,16,2,50989
2600926697,20,2,50989
2601381137,24,2,50839
2602388177,28,2,48311
2605133513,30,2,39133
2605387913,6,2,51043
2605404233,14,2,51043
2605555553,26,2,50383
2607021737,8,2,51059
2607229817,12,2,51061
2609295617,20,2,51071
2609582153,22,2,51043
2612133977,12,2,51109
2613178457,20,2,51109
2614600073,14,2,51133
2614993793,10,2,51137
2616424817,4,2,51151
2616490337,16,2,51151
2617661873,26,2,50503
2618672033,26,2,50513
2619568313,30,2,39317
2619812537,28,2,48491
2620723253,2,2,51193
2620739633,14,2,51193
2621133833,10,2,51197
2621337857,8,2,51199
2621403137,16,2,51199
2621613473,30,2,39343
2621747213,2,2,51203
2622386177,20,2,51199
2623443233,18,2,51217
2623974953,30,2,39373
2624002937,24,2,51061
2624475977,16,2,51229
2625435377,8,2,51239
2625865433,30,2,39397
2627542193,18,2,51257
2627911553,14,2,51263
2630356373,2,2,51287
2630618513,18,2,51287
2632408313,6,2,51307
2633202017,24,2,51151
2633789597,8,3,1381
2634666497,8,2,51329
2635160657,28,2,48649
2635963817,16,2,51341
2636103653,2,2,51343
2636104673,10,2,51343
2636120033,14,2,51343
2636328377,28,2,48661
2636515433,10,2,51347
2637956417,12,2,51361
2640708713,22,2,51347
2642212337,24,2,51239
2642680673,10,2,51407
2643296633,6,2,51413
2643917657,12,2,51419
2644123337,12,2,51421
2644406993,22,2,51383
2644736333,2,2,51427
2645095457,28,2,48751
2645167817,20,2,51421
2645213297,16,2,51431
2645781353,14,2,51437
2645974817,12,2,51439
2646027113,18,2,51437
2647490873,22,2,51413
2648048177,20,2,51449
2649283097,20,2,51461
2649486113,14,2,51473
2650087697,8,2,51479
2650091537,12,2,51479
2650152977,16,2,51479
2650293377,4,2,51481
2650911173,2,2,51487
2650911233,6,2,51487
2651341937,20,2,51481
2653383377,8,2,51511
2653497017,24,2,51349
2654001293,2,2,51517
2654263433,18,2,51517
2654413457,4,2,51521
2655237857,4,4,227
2655238097,8,4,227
2655241937,12,4,227
2656268777,8,2,51539
2656810097,28,2,48871
2657206313,26,2,50893
2658554177,20,2,51551
2659005113,18,2,51563
2660186933,2,2,51577
2660186993,6,2,51577
2660665097,16,2,51581
2661525233,30,2,39847
2662456817,4,2,51599
2662747937,24,2,51439
2663282513,6,2,51607
2664163913,18,2,51613
2664381233,22,2,51577
2665825697,16,2,51631
2667394913,26,2,50993
2667428993,14,2,51647
2668656377,12,2,51659
2670719297,8,2,51679
2670784577,16,2,51679
2671297817,28,2,49019
2671394633,18,2,51683
2671959497,4,2,51691
2671959737,8,2,51691
2672382113,30,2,39983
2674234373,2,2,51713
2674235393,10,2,51713
2674250753,14,2,51713
2674282817,24,2,51551
2674293233,22,2,51673
2675903537,20,2,51719
2676958777,31,3,809
2678024537,16,2,51749
2678428673,22,2,51713
2678571481,29,3,1289
2679823313,10,2,51767
2680029377,4,2,51769
2680709393,30,2,40087
2682155513,18,2,51787
2682929213,2,2,51797
2683191353,18,2,51797
2683550813,2,2,51803
2686005233,30,2,40153
2686054313,14,2,51827
2686249337,12,2,51829
2687282177,8,2,51839
2687832113,26,2,51193
2688733613,2,2,51853
2688736697,24,2,51691
2688995753,18,2,51853
2689219073,30,2,40193
2689421417,16,2,51859
2690393177,4,2,51869
2690393417,8,2,51869
2690397257,12,2,51869
2693571737,16,2,51899
2694045833,30,2,40253
2694336713,6,2,51907
2694388913,26,2,51257
2697465233,26,2,51287
2697669617,20,2,51929
2697867737,8,2,51941
2698698857,8,2,51949
2700985097,8,2,51971
2701050377,16,2,51971
2701193753,10,2,51973
2701209113,14,2,51973
2702033417,20,2,51971
2703064097,4,2,51991
2703129617,16,2,51991
2704851593,30,2,40387
2704940177,12,2,52009
2705387033,22,2,51973
2705802833,22,2,51977
2706808733,2,2,52027
2707760753,30,2,40423
2709306617,4,2,52051
2709306857,8,2,52051
2709310697,12,2,52051
2709947633,14,2,52057
2710193393,18,2,52057
2710355177,20,2,52051
2710405433,26,2,51413
2710988873,14,2,52067
2711234633,18,2,52067
2711246297,16,2,52069
2711661497,28,2,49429
2712434657,12,2,52081
2712873833,26,2,51437
2712938993,30,2,40487
2713398257,24,2,51929
2716578593,26,2,51473
2716598897,8,2,52121
2716804817,28,2,49481
2718020033,26,2,51487
2719309673,6,2,52147
2719935473,6,2,52153
2720978633,6,2,52163
2721557297,28,2,49529
2722455713,14,2,52177
2722857017,8,2,52181
2722860857,12,2,52181
2723065493,2,2,52183
2724129713,22,2,52153
2724948497,12,2,52201
2725851833,26,2,51563
2725992977,20,2,52201
2726633633,22,2,52177
2727241793,6,2,52223
2727503873,18,2,52223
2727957977,24,2,52069
2728704233,6,2,52237
2728966313,18,2,52237
2729662073,30,2,40693
2729987633,30,2,40697
2730638153,18,2,52253
2731068617,16,2,52259
2731436033,22,2,52223
2731855673,14,2,52267
2734143617,12,2,52289
2734570313,22,2,52253
2735188097,20,2,52289
2735445017,28,2,49669
2736650993,10,2,52313
2737321193,30,2,40787
2738124203,2,3,1399
2739442793,30,2,40813
2739618977,28,2,49711
2739633977,24,2,52181
2740468937,24,2,52189
2741721617,24,2,52201
2741884793,10,2,52363
2742512417,8,2,52369
2743563737,12,2,52379
2744397833,6,2,52387
2744817137,8,2,52391
2746078073,22,2,52363
2749002233,26,2,51787
2750058497,4,4,229
2751107057,20,4,229
2751564017,28,2,49831
2751736913,6,2,52457
2751737873,10,2,52457
2753146793,26,2,51827
2755095137,4,2,52489
2755511513,22,2,52453
2757405137,4,2,52511
2757405377,8,2,52511
2757547337,28,2,49891
2758035353,6,2,52517
2760342017,28,2,49919
2760556697,4,2,52541
2762229593,22,2,52517
2762662817,12,2,52561
2763289553,6,2,52567
2763290513,10,2,52567
2763710057,4,2,52571
2763710297,8,2,52571
2763714137,12,2,52571
2764972913,10,2,52583
2765234033,18,2,52583
2766012113,22,2,52553
2767483793,22,2,52567
2767772417,16,2,52609
2768301593,26,2,51973
2769863273,18,2,52627
2772253193,30,2,41213
2773795433,22,2,52627
2774075033,18,2,52667
2774445953,10,2,52673
2776073057,24,2,52529
2776341497,4,2,52691
2776974833,10,2,52697
2778081353,26,2,52067
2778238937,8,2,52709
2778515057,16,2,52711
2779435937,24,2,52561
2779498097,20,2,52711
2780487257,24,2,52571
2780552417,20,2,52721
2780769293,2,2,52733
2780769353,6,2,52733
2781168113,22,2,52697
2782246013,2,2,52747
2782247033,10,2,52747
2784963593,22,2,52733
2786799377,24,2,52631
2788595633,14,2,52807
2789229353,14,2,52813
2789635493,2,2,52817
2789636513,10,2,52817
2789897633,18,2,52817
2790584297,28,2,50221
2791588817,28,2,50231
2791748573,2,2,52837
2791748633,6,2,52837
2791749593,10,2,52837
2792093033,30,2,41453
2794350857,16,2,52861
2794603577,28,2,50261
2795942873,22,2,52837
2796188657,4,2,52879
2796611693,2,2,52883
2796612713,10,2,52883
2797246577,8,2,52889
2797261057,7,3,1409
2797392001,17,3,1409
2797484873,26,2,52253
2798743793,14,2,52903
2800420577,4,2,52919
2800424657,12,2,52919
2801469137,20,2,52919
2802651737,28,2,50341
2803758833,26,2,52313
2803812497,12,2,52951
2804444873,10,2,52957
2804464337,28,2,50359
2805095753,14,2,52963
2805716513,30,2,41617
2806138733,2,2,52973
2806986617,8,2,52981
2808214433,30,2,41647
2808898097,12,2,52999
2809334393,14,2,53003
2809580153,18,2,53003
2810802353,6,2,53017
2811547793,30,2,41687
2814412697,12,2,53051
2816318777,4,2,53069
2816319017,8,2,53069
2816384297,16,2,53069
2817367337,20,2,53069
2817430073,18,2,53077
2818178513,22,2,53047
2818229573,2,2,53087
2818230593,10,2,53087
2818845713,26,2,52457
2819716217,4,2,53101
2820990833,6,2,53113
2821252913,18,2,53113
2824578473,30,2,41843
2824604633,10,2,53147
2824816217,4,2,53149
2824816457,8,2,53149
2825609993,22,2,53117
2825671217,24,2,52999
2826092177,8,2,53161
2827140497,20,2,53161
2827155257,4,2,53171
2828797913,22,2,53147
2828926673,26,2,52553
2829073817,12,2,53189
2830118297,20,2,53189
2830346417,4,2,53201
2831185817,24,2,53051
2831394977,20,2,53201
2833095977,24,2,53069
2833543457,12,2,53231
2834131673,30,2,41957
2834391137,4,2,53239
2835219137,24,2,53089
2836493417,24,2,53101
2837373293,2,2,53267
2837373353,6,2,53267
2838717377,16,2,53279
2839674353,30,2,42023
2840783417,4,2,53299
2840787497,12,2,53299
2841567593,22,2,53267
2841853577,12,2,53309
2843768933,2,2,53327
2843769953,10,2,53327
2847878153,26,2,52733
2847957977,28,2,50789
2848231457,20,2,53359
2849120513,14,2,53377
2851670897,12,2,53401
2852739017,12,2,53411
2853039377,28,2,50839
2853593657,12,2,53419
2853783497,20,2,53411
2853991073,30,2,42193
2855642177,24,2,53281
2855688113,26,2,52807
2857223273,6,2,53453
2858329337,28,2,50891
2858857433,26,2,52837
2859395873,30,2,42257
2860003457,4,2,53479
2860068977,16,2,53479
2860161737,28,2,50909
2861417513,22,2,53453
2862587393,14,2,53503
2863015433,14,2,53507
2863720553,26,2,52883
2864439857,28,2,50951
2865139793,6,2,53527
2866274417,28,2,50969
2866478297,28,2,50971
2867560937,16,2,53549
2869434833,26,2,52937
2869512137,24,2,53411
2869638017,8,2,53569
2872209713,6,2,53593
2873247593,26,2,52973
2874204857,16,2,53611
2874783713,10,2,53617
2874799073,14,2,53617
2874973457,20,2,53609
2875442513,14,2,53623
2875456937,28,2,51059
2875688273,18,2,53623
2876069657,4,2,53629
2876069897,8,2,53629
2876832713,22,2,53597
2877187913,30,2,42467
2878190897,20,2,53639
2878644413,2,2,53653
2878645433,10,2,53653
2878660793,14,2,53653
2879073713,6,2,53657
2879090033,14,2,53657
2879335793,18,2,53657
2881490351,14,3,1423
2882522543,20,3,1423
2882939273,10,2,53693
2883586697,12,2,53699
2884631177,20,2,53699
2884860257,28,2,51151
2887020377,4,2,53731
2889710393,22,2,53717
2890030337,8,2,53759
2891982113,14,2,53777
2892167273,30,2,42643
2892227873,18,2,53777
2892611093,2,2,53783
2892612113,10,2,53783
2892627473,14,2,53783
2892846857,24,2,53629
2893475777,12,2,53791
2894075537,28,2,51241
2895068153,30,2,42677
2895855353,14,2,53813
2897288033,30,2,42703
2897533337,20,2,53819
2897776577,4,2,53831
2898426977,24,2,53681
2900033273,22,2,53813
2900577473,10,2,53857
2900592833,14,2,53857
2901007337,4,2,53861
2901011417,12,2,53861
2902508177,24,2,53719
2903101697,28,2,51329
2903166257,12,2,53881
2903227697,16,2,53881
2903808833,6,2,53887
2904070913,18,2,53887
2904982673,30,2,42793
2905102217,4,2,53899
2905843531,11,3,1427
2906150777,20,2,53899
2906365771,19,3,1427
2907042893,2,2,53917
2907042953,6,2,53917
2907059273,14,2,53917
2907305033,18,2,53917
2908003073,22,2,53887
2908121393,6,2,53927
2910121433,30,2,42853
2910877793,26,2,53327
2910978593,30,2,42863
2912349017,28,2,51419
2914553777,24,2,53831
2914596173,2,2,53987
2916108017,4,2,54001
2916108257,8,2,54001
2916212993,26,2,53377
2917188377,8,2,54011
2917192217,12,2,54011
2917404233,6,2,54013
2918092973,14,3,1429
2919997373,2,2,54037
2919997433,6,2,54037
2920259513,18,2,54037
2921017097,24,2,53891
2921879417,24,2,53899
2922621833,26,2,53437
2925840377,12,2,54091
2925901817,16,2,54091
2928350897,24,2,53959
2930382713,10,2,54133
2931035417,12,2,54139
2932248593,26,2,53527
2933631593,10,2,54163
2933892713,18,2,54163
2934195617,28,2,51631
2935584857,12,2,54181
2936629337,20,2,54181
2936881313,6,2,54193
2937824873,22,2,54163
2937995153,30,2,43177
2939483153,6,2,54217
2940394937,28,2,51691
2941969553,30,2,43223
2942657929,13,3,1433
2943607553,26,2,53633
2945128457,12,2,54269
2945753273,26,2,53653
2945992733,2,2,54277
2946009113,14,2,54277
2946254873,18,2,54277
2947078373,2,2,54287
2947729913,6,2,54293
2947730873,10,2,54293
2947746233,14,2,54293
2947991993,18,2,54293
2948344097,20,4,233
2949688817,12,2,54311
2950553777,4,2,54319
2951923097,16,2,54331
2951924153,22,2,54293
2953596413,2,2,54347
2953597433,10,2,54347
2953858553,18,2,54347
2956859153,10,2,54377
2957041433,30,2,43397
2957120273,18,2,54377
2957254217,20,2,54371
2958644393,26,2,53773
2959469057,8,2,54401
2959686413,2,2,54403
2960339297,4,2,54409
2960774573,2,2,54413
2960775593,10,2,54413
2961036713,18,2,54413
2961427577,4,2,54419
2962476137,20,2,54419
2963403353,14,2,54437
2964693617,4,2,54449
2964860993,30,2,43487
2967581273,22,2,54437
2968234553,22,2,54443
2970145097,12,2,54499
2970577013,2,2,54503
2970577073,6,2,54503
2970578033,10,2,54503
2970839153,18,2,54503
2972104313,10,2,54517
2972365433,18,2,54517
2972604977,16,2,54521
2974440233,30,2,43597
2974506617,12,2,54539
2974771313,22,2,54503
2974798793,26,2,53923
2977121993,10,2,54563
2979085817,8,2,54581
2979089657,12,2,54581
2979767551,5,3,1439
2979769567,11,3,1439
2981269457,8,2,54601
2982317777,20,2,54601
2983033073,14,2,54617
2984327897,8,2,54629
2984331737,12,2,54629
2984546177,4,2,54631
2984546417,8,2,54631
2984917913,30,2,43717
2985594737,20,2,54631
2986294673,6,2,54647
2987106233,26,2,54037
2988480953,6,2,54667
2988481913,10,2,54667
2988743033,18,2,54667
2989858577,16,2,54679
2990488913,22,2,54647
2990841617,20,2,54679
2991497897,24,2,54541
2993074697,4,2,54709
2993074937,8,2,54709
2993512373,2,2,54713
2993512433,6,2,54713
2994387857,4,2,54721
2994388097,8,2,54721
2997490553,26,2,54133
3000081593,6,2,54773
3001616393,10,2,54787
3002574977,28,2,52289
3002930417,4,2,54799
3003830057,28,2,52301
3003990113,26,2,54193
3005922497,28,2,52321
3006591953,26,2,54217
3007366553,30,2,43973
3008632217,4,2,54851
3008697737,16,2,54851
3009477833,30,2,43997
3009680777,20,2,54851
3010607417,8,2,54869
3010611257,12,2,54869
3011165057,24,2,54721
3012972737,20,2,54881
3013101593,26,2,54277
3014408633,30,2,44053
3014779673,10,2,54907
3014838713,26,2,54293
3015877913,10,2,54917
3016100657,12,2,54919
3016139033,18,2,54917
3017145137,20,2,54919
3018579017,16,2,54941
3019458137,16,2,54949
3019707617,24,2,54799
3022030733,2,2,54973
3023130353,6,2,54983
3023131313,10,2,54983
3023530577,28,2,52489
3025110017,4,2,55001
3025990337,8,2,55009
3027310457,4,2,55021
3027324593,22,2,54983
3027375977,16,2,55021
3027384377,24,2,54869
3027883433,26,2,54413
3028000673,30,2,44207
3029742647,10,3,1447
3030495833,26,2,54437
3030612857,8,2,55051
3030678137,16,2,55051
3031713977,8,2,55061
3032873777,24,2,54919
3032954993,30,2,44263
3033051713,14,2,55073
3035290697,24,2,54941
3035611673,30,2,44293
3036169817,24,2,54949
3036340613,2,2,55103
3037685873,26,2,54503
3039467657,24,2,54979
3041191613,2,2,55147
3041207993,14,2,55147
3041887217,24,2,55001
3042077993,22,2,55117
3042484073,26,2,54547
3044776937,28,2,52691
3044887817,20,2,55171
3046412753,26,2,54583
3047169617,24,2,55049
3047215937,16,2,55201
3048198977,20,2,55201
3048475373,2,2,55213
3048475433,6,2,55213
3048490937,24,2,55061
3048737513,18,2,55213
3048917093,2,2,55217
3049179233,18,2,55217
3050242457,4,2,55229
3050473457,24,2,55079
3051291017,20,2,55229
3051805433,14,2,55243
3053557097,4,2,55259
3053724833,30,2,44497
3054614873,30,2,44507
3054936853,1,3,1451
3055461139,19,3,1451
3055983353,22,2,55243
3056245793,26,2,54673
3057820673,30,2,44543
3059527973,2,2,55313
3060621233,26,2,54713
3061741913,10,2,55333
3062509337,28,2,52859
3063722273,22,2,55313
3066169193,6,2,55373
3066170153,10,2,55373
3066185513,14,2,55373
3066533153,26,2,54767
3066951257,28,2,52901
3067041953,22,2,55343
3067059257,12,2,55381
3067096433,30,2,44647
3067586681,2,3,1453
3067587701,10,3,1453
3068856017,28,2,52919
3070334297,24,2,55259
3070444457,16,2,55411
3073482977,8,2,55439
3073486817,12,2,55439
3073704497,4,2,55441
3073708577,12,2,55441
3074531297,20,2,55439
3075479873,10,2,55457
3076572833,30,2,44753
3076814057,12,2,55469
3078807233,6,2,55487
3078808193,10,2,55487
3079673153,22,2,55457
3080510417,24,2,55351
3081409577,20,2,55501
3086789513,30,2,44867
3089025257,4,2,55579
3089025497,8,2,55579
3089090777,16,2,55579
3089123273,30,2,44893
3090073817,20,2,55579
3090239153,26,2,54983
3092426417,16,2,55609
3093251657,28,2,53149
3093473177,4,2,55619
3093473417,8,2,55619
3093538697,16,2,55619
3093587177,24,2,55469
3093695897,8,2,55621
3094521737,20,2,55619
3094808177,4,2,55631
3095763857,16,2,55639
3096746897,20,2,55639
3096850487,26,3,1447
3098212457,16,2,55661
3099195497,20,2,55661
3099224993,22,2,55633
3100377857,12,2,55681
3101553017,16,2,55691
3102172193,14,2,55697
3103514633,30,2,45053
3104895377,16,2,55721
3105761963,14,3,1459
3106094993,26,2,55127
3106183673,14,2,55733
3106429433,18,2,55733
3106914137,24,2,55589
3108578393,22,2,55717
3109218857,28,2,53299
3110065433,26,2,55163
3110284937,28,2,53309
3110472857,24,2,55621
3111585377,24,2,55631
3113120993,18,2,55793
3114422273,10,2,55807
3114437633,14,2,55807
3115353113,18,2,55813
3115538513,10,2,55817
3115584233,26,2,55213
3116207333,2,2,55823
3116877497,8,2,55829
3117053153,22,2,55793
3120159377,20,2,55849
3120492737,24,2,55711
3121032833,30,2,45247
3121572737,12,2,55871
3121634177,16,2,55871
3123584417,12,2,55889
3124736753,18,2,55897
3125153029,29,3,1373
3125407553,18,2,55903
3125970377,20,2,55901
3127223777,16,2,55921
3127830353,10,2,55927
3127845713,14,2,55927
3128206817,20,2,55921
3128500493,2,2,55933
3130290617,4,2,55949
3130356137,16,2,55949
3132305153,6,2,55967
3132694793,22,2,55933
3134544173,2,2,55987
3134806313,18,2,55987
3135174233,30,2,45403
3135664013,2,2,55997
3135664073,6,2,55997
3136082393,30,2,45413
3137073617,16,2,56009
3140430737,28,2,53591
3141418097,20,2,56039
3141699017,24,2,55901
3142574777,28,2,53611
3144505097,28,2,53629
3145078577,4,2,56081
3145078817,8,2,56081
3145577777,28,2,53639
3145751573,2,2,56087
3146127137,20,2,56081
3146441033,14,2,56093
3147067817,24,2,55949
3147163337,16,2,56099
3147322457,8,2,56101
3148669793,10,2,56113
3148685153,14,2,56113
3149909423,28,3,1423
3150085217,28,2,53681
3152018057,28,2,53699
3152710217,4,2,56149
3152714297,12,2,56149
3154731893,2,2,56167
3154731953,6,2,56167
3154748273,14,2,56167
3156084137,12,2,56179
3157146737,24,2,56039
3157370897,24,2,56041
3158102873,6,2,56197
3158119193,14,2,56197
3158465537,28,2,53759
3159227873,10,2,56207
3161855777,24,2,56081
3161907137,28,2,53791
3162825377,8,2,56239
3162890657,16,2,56239
3163875017,24,2,56099
3163950017,4,2,56249
3163954097,12,2,56249
3164920217,28,2,53819
3165525173,2,2,56263
3166237433,18,2,56267
3166265897,16,2,56269
3166794473,22,2,56237
3167466377,24,2,56131
3169442777,28,2,53861
3169487417,24,2,56149
3169581497,12,2,56299
3169719473,22,2,56263
3170169593,22,2,56267
3170928737,4,2,56311
3170928977,8,2,56311
3170994257,16,2,56311
3172857257,24,2,56179
3173406893,2,2,56333
3173423273,14,2,56333
3176336897,4,2,56359
3176621033,26,2,55763
3177464177,4,2,56369
3177468257,12,2,56369
3178366133,2,2,56377
3178512737,20,2,56369
3178628273,18,2,56377
3179298233,26,2,55787
3179358593,30,2,45887
3183140033,18,2,56417
3183316193,26,2,55823
3184523297,16,2,56431
3185135033,6,2,56437
3185151353,14,2,56437
3185623577,28,2,54011
3186941213,2,2,56453
3186942233,10,2,56453
3188523113,10,2,56467
3189216113,14,2,56473
3189651533,2,2,56477
3189729857,28,2,54049
3189881537,12,2,56479
3192363017,4,2,56501
3192851153,18,2,56503
3193332617,16,2,56509
3193394033,22,2,56473
3194241377,24,2,56369
3195445937,20,2,56519
3195758057,12,2,56531
3197110853,2,2,56543
3197110913,6,2,56543
3199228433,30,2,46103
3201305153,22,2,56543
3201653033,26,2,55987
3203220473,6,2,56597
3203221433,10,2,56597
3203236793,14,2,56597
3203287433,30,2,46147
3203446817,4,2,56599
3204805577,8,2,56611
3206847737,12,2,56629
3207296693,2,2,56633
3207297713,10,2,56633
3209140217,24,2,56501
3210242537,8,2,56659
3210957713,18,2,56663
3211602497,8,2,56671
3211606337,12,2,56671
3213416033,6,2,56687
3213432353,14,2,56687
3215003657,8,2,56701
3215068937,16,2,56701
3215730977,28,4,233
3216364373,2,2,56713
3216380753,14,2,56713
3216626513,18,2,56713
3216899993,26,2,56123
3218410457,12,2,56731
3218989217,28,2,54319
3219087233,6,2,56737
3219103553,14,2,56737
3220222013,2,2,56747
3220223033,10,2,56747
3220238393,14,2,56747
3220484153,18,2,56747
3220558673,22,2,56713
3223620857,24,2,56629
3223920377,16,2,56779
3224416313,22,2,56747
3225211673,26,2,56197
3227035313,6,2,56807
3227262497,4,2,56809
3227262737,8,2,56809
3227717033,6,2,56813
3227717993,10,2,56813
3228311057,20,2,56809
3228503393,22,2,56783
3229307933,2,2,56827
3229307993,6,2,56827
3229570073,18,2,56827
3232634033,26,2,56263
3234554513,14,2,56873
3235183577,24,2,56731
3236642873,30,2,46507
3236651417,16,2,56891
3238576457,28,2,54499
3238699817,16,2,56909
3238862177,8,2,56911
3240974897,28,2,54521
3244039697,24,2,56809
3244099853,2,2,56957
3245119937,28,2,54559
3245474993,26,2,56377
3248218433,14,2,56993
3248375833,13,3,1481
3249704657,28,2,54601
3252981617,28,2,54631
3253219373,2,2,57037
3254050073,26,2,56453
3254724257,20,2,57041
3254912033,30,2,46703
3255639137,24,2,56911
3255733577,12,2,57059
3257327393,6,2,57073
3257800313,14,2,57077
3258554513,22,2,57047
3259054697,24,2,56941
3260068433,10,2,57097
3261471593,18,2,57107
3261545603,4,3,1483
3262645697,16,2,57119
3262823297,28,2,54721
3263951177,4,2,57131
3263955257,12,2,57131
3264219713,26,2,56543
3264261713,22,2,57097
3264637073,30,2,46807
3264865577,8,2,57139
3264999737,20,2,57131
3265322453,2,2,57143
3265403753,22,2,57107
3265739891,22,3,1483
3266012297,12,2,57149
3267056777,20,2,57149
3267608633,6,2,57163
3268752953,10,2,57173
3269174297,28,2,54779
3269438297,8,2,57179
3269503577,16,2,57179
3270329273,26,2,56597
3270876017,16,2,57191
3271365857,28,2,54799
3271859057,20,2,57191
3274243097,8,2,57221
3274405553,26,2,56633
3274471793,6,2,57223
3274472753,10,2,57223
3277677017,4,2,57251
3278593337,8,2,57259
3279585857,24,4,239
3279742457,12,2,57269
3279971537,12,2,57271
3280359617,28,2,54881
3280728377,24,2,57131
3280786937,20,2,57269
3281016017,20,2,57271
3281642537,24,2,57139
3281922073,25,3,1481
3282083873,30,2,46993
3282459833,30,2,46997
3283404857,8,2,57301
3284453177,20,2,57301
3286614257,4,2,57329
3286847657,12,2,57331
3287828057,28,2,54949
3287892137,20,2,57331
3288532591,19,3,1487
3288678413,2,2,57347
3288911897,12,2,57349
3291923273,18,2,57373
3294318953,30,2,47123
3294431993,14,2,57397
3295745897,28,2,55021
3296268953,14,2,57413
3296416793,26,2,56827
3296581433,30,2,47147
3298122473,18,2,57427
3301293173,2,3,1489
3301307873,10,2,57457
3302456093,2,2,57467
3302457113,10,2,57467
3302718233,18,2,57467
3303391457,24,2,57329
3304377473,26,2,56897
3305075993,30,2,47237
3305445113,6,2,57493
3305685017,24,2,57349
3306650393,22,2,57467
3308949473,22,2,57487
3309355733,2,2,57527
3309356753,10,2,57527
3309639353,22,2,57493
3309651377,16,2,57529
3309802193,30,2,47287
3310274537,24,2,57389
3311315633,30,2,47303
3312824633,14,2,57557
3314087057,20,2,57559
3314171153,26,2,56983
3315468617,20,2,57571
3316995593,30,2,47363
3317573417,28,2,55219
3322023773,2,2,57637
3322024793,10,2,57637
3322285913,18,2,57637
3322488977,12,2,57641
3323533457,20,2,57641
3323868413,2,2,57653
3324130553,18,2,57653
3325499273,14,2,57667
3326218073,22,2,57637
3326363057,24,2,57529
3327176273,26,2,57097
3327970189,5,3,1493
3328020977,8,2,57689
3328062713,22,2,57653
3328086257,16,2,57689
3330332777,12,2,57709
3330840377,28,2,55339
3331197257,24,2,57571
3333561173,2,2,57737
3333577553,14,2,57737
3335178017,4,2,57751
3335243537,16,2,57751
3335490617,28,2,55381
3335980793,30,2,47563
3337720553,10,2,57773
3338644217,8,2,57781
3339353753,14,2,57787
3339692537,20,2,57781
3339803777,12,2,57791
3340031873,10,2,57793
3340047233,14,2,57793
3341186873,6,2,57803
3341187833,10,2,57803
3341884577,12,2,57809
3343644257,24,2,57679
3344225153,22,2,57793
3345245417,28,2,55469
3346275473,6,2,57847
3346276433,10,2,57847
3346537553,18,2,57847
3347231753,18,2,57853
3347664137,8,2,57859
3348712457,20,2,57859
3349645577,24,2,57731
3352294217,4,2,57899
3352294457,8,2,57899
3352526057,8,2,57901
3353342777,20,2,57899
3356576897,24,2,57791
3357392273,10,2,57943
3358116953,18,2,57947
3358769993,26,2,57373
3360796337,28,2,55609
3360868733,2,2,57973
3361333553,10,2,57977
3361585553,22,2,57943
3361594673,18,2,57977
3361908617,28,2,55619
3362120393,30,2,47837
3362956097,4,2,57991
3363243617,28,2,55631
3363361433,26,2,57413
3365524553,14,2,58013
3367132733,2,2,58027
3367394873,18,2,58027
3367601057,12,2,58031
3368254627,7,3,1499
3368385571,17,3,1499
3368989853,2,2,58043
3368989913,6,2,58043
3369006233,14,2,58043
3369251993,18,2,58043
3369564953,26,2,57467
3369686657,8,2,58049
3369751937,16,2,58049
3370615253,2,2,58057
3371079977,8,2,58061
3371083817,12,2,58061
3371314313,30,2,47933
3371864033,26,2,57487
3372038633,18,2,58067
3372128297,20,2,58061
3372473393,6,2,58073
3372474353,10,2,58073
3373402577,4,4,241
3373406657,12,4,241
3373468097,16,4,241
3374191193,30,2,47963
3374451137,20,4,241
3376655897,4,2,58109
3376888337,4,2,58111
3376892417,12,2,58111
3377704457,20,2,58109
3377936897,20,2,58111
3378980897,8,2,58129
3381542897,12,2,58151
3381787793,14,2,58153
3383632817,8,2,58169
3383636657,12,2,58169
3386425253,2,2,58193
3386687393,18,2,58193
3387123617,4,2,58199
3387127697,12,2,58199
3387546257,28,2,55849
3388054913,6,2,58207
3389132633,26,2,57637
3391549193,10,2,58237
3392248073,10,2,58243
3395757857,24,2,58129
3396558017,20,2,58271
3398316017,24,2,58151
3400405973,2,2,58313
3401339057,4,2,58321
3401514833,30,2,48247
3403221953,14,2,58337
3403467713,18,2,58337
3404956519,17,7,23
3405443537,28,2,56009
3406446233,26,2,57787
3406707713,10,2,58367
3406944257,12,2,58369
3407139713,26,2,57793
3408107897,8,2,58379
3409508897,4,2,58391
3410557457,20,2,58391
3410926793,14,2,58403
3412545953,6,2,58417
3412546913,10,2,58417
3412562273,14,2,58417
3413514017,28,2,56081
3414656513,30,2,48383
3415104713,22,2,58403
3415116977,8,2,58439
3415182257,16,2,58439
3416519657,8,2,58451
3416523497,12,2,58451
3416716697,24,2,58309
3416753273,6,2,58453
3417567977,20,2,58451
3419124617,28,2,56131
3423602657,16,2,58511
3424963673,26,2,57947
3426581393,10,2,58537
3426596753,14,2,58537
3427282853,2,2,58543
3427887137,28,2,56209
3430796393,6,2,58573
3431564777,16,2,58579
3431893937,24,2,58439
3432106793,30,2,48563
3433296617,24,2,58451
3434077217,4,2,58601
3434077457,8,2,58601
3434142737,16,2,58601
3434241593,26,2,58027
3434311613,2,2,58603
3436098713,26,2,58043
3436804577,24,2,58481
3437594417,8,2,58631
3438012857,28,2,56299
3439582193,26,2,58073
3440660033,14,2,58657
3443229137,12,2,58679
3444163973,2,2,58687
3444164993,10,2,58687
3445572857,8,2,58699
3445638137,16,2,58699
3445899617,28,2,56369
3446621177,20,2,58699
3446981777,8,2,58711
3448860593,6,2,58727
3448880273,26,2,58153
3449565293,2,2,58733
3449804023,13,3,1511
3449926903,17,3,1511
3455163713,26,2,58207
3456146777,8,2,58789
3459442577,28,2,56489
3460105673,22,2,58787
3460798457,28,2,56501
3462135137,20,2,58831
3467979857,16,2,58889
3470296793,18,2,58907
3470807657,24,2,58771
3471318857,20,2,58909
3471684497,8,2,58921
3474278273,10,2,58943
3474293633,14,2,58943
3476651753,14,2,58963
3476897513,18,2,58963
3477976913,30,2,49033
3480331073,30,2,49057
3480646073,6,2,58997
3480823193,26,2,58427
3480829673,22,2,58963
3481301393,22,2,58967
3483346697,20,2,59011
3483478457,4,2,59021
3483478697,8,2,59021
3483543977,16,2,59021
3483714593,6,2,59023
3483715553,10,2,59023
3483976673,18,2,59023
3484422857,4,2,59029
3484691537,24,2,58889
3486784409,3,20,3
3486784913,9,20,3
3486810953,30,2,49123
3487086137,16,2,59051
3487256813,2,2,59053
3487257833,10,2,59053
3488069177,20,2,59051
3489146777,4,2,59069
3489147017,8,2,59069
3489150857,12,2,59069
3489212297,16,2,59069
3490800953,6,2,59083
3491451113,22,2,59053
3491999033,14,2,59093
3492244793,18,2,59093
3493689233,26,2,58537
3493899593,18,2,59107
3494608913,18,2,59113
3495299657,24,2,58979
3495529133,2,2,59123
3496715297,24,2,58991
3498604217,4,2,59149
3498706457,20,2,59141
3498839297,24,2,59009
3499723433,22,2,59123
3499787537,8,2,59159
3499852817,16,2,59159
3500996033,18,2,59167
3501200057,24,2,59029
3501964553,30,2,49277
3502627553,6,2,59183
3502628513,10,2,59183
3502889633,18,2,59183
3504546953,18,2,59197
3506754257,20,2,59209
3506889977,4,2,59219
3506894057,12,2,59219
3507752513,26,2,58657
3508548293,2,2,59233
3509324657,16,2,59239
3512119553,14,2,59263
3513288533,2,2,59273
3513289553,10,2,59273
3513410273,30,2,49393
3514302497,16,2,59281
3514435097,24,2,59141
3515285537,20,2,59281
3515381417,24,2,59149
3516674153,26,2,58733
3520330193,30,2,49463
3521354537,8,2,59341
3521358377,12,2,59341
3522402857,20,2,59341
3523253453,2,2,59357
3523254473,10,2,59357
3523490897,4,2,59359
3523494977,12,2,59359
3524599193,22,2,59333
3524678177,4,2,59369
3525644513,14,2,59377
3526036337,24,2,59239
3527528453,2,2,59393
3529981043,28,3,1483
3530380913,10,2,59417
3530617577,4,2,59419
3532386617,28,2,57131
3532642669,1,3,1523
3533232497,4,2,59441
3533385953,22,2,59407
3533732393,18,2,59443
3534207953,18,2,59447
3534443657,28,2,57149
3534675593,14,2,59453
3536324153,6,2,59467
3537038753,10,2,59473
3537054113,14,2,59473
3538131497,24,2,59341
3541386113,26,2,58943
3541386617,16,2,59509
3544215953,26,2,58967
3545018417,24,2,59399
3547512977,8,2,59561
3548227493,2,2,59567
3548561297,20,2,59561
3549895577,4,2,59581
3552487193,30,2,49787
3553471577,8,2,59611
3554186693,2,2,59617
3554365673,26,2,59053
3554663657,4,2,59621
3554663897,8,2,59621
3554729177,16,2,59621
3555049697,28,2,57329
3555395513,14,2,59627
3555617657,4,2,59629
3555683177,16,2,59629
3559091513,26,2,59093
3559200377,12,2,59659
3559290377,20,2,59651
3559935713,18,2,59663
3560693777,16,2,59671
3561669737,24,2,59539
3563974697,12,2,59699
3564926873,10,2,59707
3566836733,2,2,59723
3567448553,22,2,59693
3569120153,22,2,59707
3569488193,18,2,59743
3570421013,2,2,59753
3572572697,8,2,59771
3572577713,26,2,59207
3574577417,20,2,59779
3577116497,4,2,59809
3577120577,12,2,59809
3579044633,30,2,50053
3579987953,6,2,59833
3580747817,24,2,59699
3581473937,28,2,57559
3583050473,30,2,50093
3583595153,14,2,59863
3583840913,18,2,59863
3585494897,8,2,59879
3586310657,28,2,57601
3586452773,2,2,59887
3588463433,30,2,50147
3591473153,30,2,50177
3591574817,20,2,59921
3591807763,29,3,1451
3592533617,20,2,59929
3594841853,2,2,59957
3595302497,28,2,57679
3596524937,12,2,59971
3596586377,16,2,59971
3597720377,4,2,59981
3597720617,8,2,59981
3597785897,16,2,59981
3601054673,26,2,59447
3601768073,26,2,59453
3602040353,6,2,60017
3604441433,6,2,60037
3604703513,18,2,60037
3607001873,26,2,59497
3608906033,26,2,59513
3609245933,2,2,60077
3610229033,18,2,60083
3610692017,12,2,60089
3611583953,30,2,50377
3611736497,20,2,60089
3611976857,20,2,60091
3612370673,6,2,60103
3612867833,14,2,60107
3613785377,28,2,57839
3614145113,26,2,59557
3615257153,10,2,60127
3615615713,30,2,50417
3615994073,14,2,60133
3616239833,18,2,60133
3616657217,24,2,59999
3617747897,20,2,60139
3617967737,16,2,60149
3620308817,8,2,60169
3620394497,20,2,60161
3620729657,28,2,57899
3623688833,30,2,50497
3624262193,22,2,60167
3624294833,30,2,50503
3626088113,10,2,60217
3626826113,14,2,60223
3630922433,14,2,60257
3632195657,20,2,60259
3632593457,4,2,60271
3632597537,12,2,60271
3633945593,26,2,59723
3635100353,22,2,60257
3635246873,10,2,60293
3636334913,26,2,59743
3637529873,26,2,59753
3638402633,18,2,60317
3641277713,6,2,60343
3641539793,18,2,60343
3642484673,6,2,60353
3642500993,14,2,60353
3642508313,30,2,50683
3644915513,14,2,60373
3645323777,28,2,58111
3646678913,22,2,60353
3647797613,2,2,60397
3653372633,14,2,60443
3654081617,4,2,60449
3654081857,8,2,60449
3655048913,6,2,60457
3655065233,14,2,60457
3655130177,20,2,60449
3656606777,24,2,60331
3659284817,28,2,58231
3659403113,6,2,60493
3659665193,18,2,60493
3659887073,6,2,60497
3659888033,10,2,60497
3660149153,18,2,60497
3662387657,20,2,60509
3662791697,8,2,60521
3663518753,10,2,60527
3663534113,14,2,60527
3664974617,12,2,60539
3671092457,16,2,60589
3673208453,2,2,60607
3673209473,10,2,60607
3673650011,2,3,1543
3673651031,10,3,1543
3673693337,4,2,60611
3673693577,8,2,60611
3673758857,16,2,60611
3675148133,2,2,60623
3675148193,6,2,60623
3675164513,14,2,60623
3675375617,28,2,58369
3676118417,8,2,60631
3676122257,12,2,60631
3678058673,6,2,60647
3678074993,14,2,60647
3678116297,24,2,60509
3678366737,16,2,60649
3679518377,12,2,60659
3679761017,12,2,60661
3680562857,20,2,60659
3681941057,4,2,60679
3682364993,26,2,60127
3683154977,8,2,60689
3683220257,16,2,60689
3684954857,28,2,58451
3687768593,6,2,60727
3688325513,30,2,51133
3688734593,30,2,51137
3688983173,2,2,60737
3691429433,14,2,60757
3691675193,18,2,60757
3691899137,4,2,60761
3691903217,12,2,60761
3692691593,22,2,60733
3692947697,20,2,60761
3693357533,2,2,60773
3693358553,10,2,60773
3693619673,18,2,60773
3694086857,4,2,60779
3695135417,20,2,60779
3695489033,30,2,51203
3695788853,2,2,60793
3696336473,22,2,60763
3697981817,12,2,60811
3699198137,12,2,60821
3705035417,8,2,60869
3706150073,30,2,51307
3707227793,10,2,60887
3707535857,16,2,60889
3708688457,8,2,60899
3708935897,12,2,60901
3709548377,28,2,58661
3710256233,30,2,51347
3710393573,2,2,60913
3710394593,10,2,60913
3710881913,10,2,60917
3711128657,12,2,60919
3711190097,16,2,60919
3711628313,14,2,60923
3712173137,20,2,60919
3715268273,6,2,60953
3715284593,14,2,60953
3715416977,28,2,58711
3716309057,16,2,60961
3720866453,22,3,1549
3721122017,4,2,61001
3721122257,8,2,61001
3721870433,14,2,61007
3722116193,18,2,61007
3722157713,26,2,60457
3722170577,20,2,61001
3724247537,24,2,60889
3724652993,30,2,51487
3724783217,8,2,61031
3725465417,24,2,60899
3726048353,22,2,61007
3726247853,2,2,61043
3726247913,6,2,61043
3726300833,30,2,51503
3727901777,24,2,60919
3727973633,14,2,61057
3728219393,18,2,61057
3732110537,8,2,61091
3732114377,12,2,61091
3736820177,16,2,61129
3736825217,20,2,61121
3738221897,4,2,61141
3740317313,26,2,60607
3741712097,16,2,61169
3743954633,26,2,60637
3746786777,8,2,61211
3749235377,4,2,61231
3749235617,8,2,61231
3750497537,28,2,59009
3751913897,28,2,59021
3752192153,18,2,61253
3752450033,22,2,61223
3752975657,16,2,61261
3755219857,28,20,3
3755456057,28,2,59051
3756586697,4,2,61291
3756586937,8,2,61291
3757584353,18,2,61297
3758521913,26,2,60757
3761516513,22,2,61297
3761736893,2,2,61333
3761753273,14,2,61333
3762472937,4,2,61339
3762475433,30,2,51853
3762980033,14,2,61343
3765931193,22,2,61333
3766625273,30,2,51893
3767381897,8,2,61379
3767627177,4,2,61381
3767627417,8,2,61381
3768430217,20,2,61379
3768701393,30,2,51913
3770328413,2,2,61403
3770328473,6,2,61403
3771065297,4,2,61409
3771065537,8,2,61409
3772047953,6,2,61417
3772064273,14,2,61417
3773363897,24,2,61291
3775350353,30,2,51977
3776242193,22,2,61417
3777502433,26,2,60913
3778684097,8,2,61471
3779093809,25,3,1553
3780160313,10,2,61483
3780421433,18,2,61483
3781894673,22,2,61463
3784158857,24,2,61379
3784714313,30,2,52067
3785238553,29,3,1481
3785635937,20,2,61519
3787842497,24,2,61409
3788034233,10,2,61547
3788771813,2,2,61553
3789510497,4,2,61559
3789760817,12,2,61561
3789789737,28,2,59341
3791403593,26,2,61027
3791926337,28,2,59359
3794929673,6,2,61603
3795734417,16,2,61609
3796161773,2,2,61613
3796178153,14,2,61613
3796423913,18,2,61613
3797508487,23,3,1559
3798384257,12,2,61631
3799119773,2,2,61637
3800911337,16,2,61651
3800983553,30,2,52223
3802445993,30,2,52237
3803558933,2,2,61673
3803575313,14,2,61673
3804549857,12,2,61681
3805286993,10,2,61687
3805302353,14,2,61687
3807753233,22,2,61673
3809004473,14,2,61717
3809756537,28,2,59509
3810469697,8,2,61729
3811518017,20,2,61729
3813182393,22,2,61717
3813190097,12,2,61751
3813251537,16,2,61751
3813327977,28,2,59539
3818139593,30,2,52387
3821654297,16,2,61819
3822961313,30,2,52433
3823830953,14,2,61837
3824573033,14,2,61843
3825478673,30,2,52457
3828086177,16,2,61871
3828845753,26,2,61333
3830072513,26,2,61343
3831777113,30,2,52517
3832724297,4,2,61909
3832728377,12,2,61909
3834969713,14,2,61927
3841709897,16,2,61981
3842388233,6,2,61987
3842650313,18,2,61987
3842888177,12,2,61991
3844373033,10,2,62003
3844634153,18,2,62003
3846108353,6,2,62017
3846124673,14,2,62017
3846582473,22,2,61987
3847554713,30,2,52667
3847752287,10,3,1567
3848566313,22,2,62003
3848837537,4,2,62039
3850092353,18,2,62047
3850219913,26,2,61507
3850715633,30,2,52697
3851071253,2,2,62057
3852813137,12,2,62071
3853857617,20,2,62071
3855265553,22,2,62057
3855987833,30,2,52747
3857042873,30,2,52757
3859920497,28,2,59929
3860016737,12,2,62129
3861503897,4,2,62141
3862038473,26,2,61603
3862552457,20,2,62141
3862954793,30,2,52813
3864956297,28,2,59971
3865946753,22,2,62143
3866228633,26,2,61637
3867471737,4,2,62189
3867720497,4,2,62191
3867720737,8,2,62191
3868964417,4,2,62201
3868968497,12,2,62201
3869711873,10,2,62207
3869972993,18,2,62207
3870457373,2,2,62213
3870458393,10,2,62213
3870473753,14,2,62213
3872394833,26,2,61687
3872469233,30,2,52903
3872946353,6,2,62233
3873063017,24,2,62099
3876837593,26,2,61723
3877294459,11,3,1571
3877816699,19,3,1571
3878188673,18,2,62273
3878281097,24,2,62141
3881230937,16,2,62299
3881664833,10,2,62303
3882664817,12,2,62311
3884172713,14,2,62323
3884654993,6,2,62327
3884917073,18,2,62327
3886337657,28,2,60149
3887712737,16,2,62351
3888695777,20,2,62351
3891342713,22,2,62347
3891638693,2,2,62383
3891655073,14,2,62383
3891971393,30,2,53087
3893885057,8,2,62401
3893888897,12,2,62401
3895881893,2,2,62417
3901126937,8,2,62459
3903137873,18,2,62473
3903376553,10,2,62477
3904141673,14,2,62483
3904424417,24,2,62351
3905875013,2,2,62497
3905891393,14,2,62497
3906320393,22,2,62467
3906375257,8,2,62501
3907387193,18,2,62507
3910377113,10,2,62533
3910662017,24,2,62401
3910846843,25,3,1571
3911480873,26,2,62003
3912381497,12,2,62549
3914129993,10,2,62563
3914145353,14,2,62563
3914860127,26,3,1567
3916939073,26,2,62047
3917084153,30,2,53323
3917633537,8,2,62591
3917637377,12,2,62591
3917683673,26,2,62053
3917903897,24,2,62459
3918180113,26,2,62057
3918384413,2,2,62597
3918400793,14,2,62597
3920888693,2,2,62617
3921150833,18,2,62617
3922141193,6,2,62627
3922142153,10,2,62627
3923329913,22,2,62603
3925398473,6,2,62653
3926049473,30,2,53407
3926150537,8,2,62659
3929154617,24,2,62549
3929158553,6,2,62683
3931415417,4,2,62701
3931480937,16,2,62701
3933352793,22,2,62683
3933405977,28,2,60539
3933854273,22,2,62687
3936946193,18,2,62743
3937940033,10,2,62753
3938943377,8,2,62761
3940055153,26,2,62233
3942713777,12,2,62791
3942927497,24,2,62659
3943965617,4,2,62801
3944553617,28,2,60631
3946736657,28,2,60649
3947232953,10,2,62827
3947275337,20,2,62819
3947429251,23,5,83
3948192377,28,2,60661
3948772673,26,2,62303
3949968961,31,3,1217
3950376497,28,2,60679
3951265193,26,2,62323
3953014133,2,2,62873
3953014193,6,2,62873
3953276273,18,2,62873
3955720337,24,2,62761
3957208433,22,2,62873
3959052257,4,2,62921
3959056337,12,2,62921
3960069473,18,2,62927
3964001633,22,2,62927
3965095217,8,2,62969
3965412377,16,2,62971
3966352913,30,2,53783
3966822289,1,3,1583
3966859313,10,2,62983
3967025417,24,2,62851
3967120433,18,2,62983
3967654937,20,2,62981
3968282537,24,2,62861
3968662697,20,2,62989
3969126257,8,4,251
3972655097,8,2,63029
3973470617,28,2,60869
3973955537,20,2,63031
3976437737,8,2,63059
3977367257,28,2,60901
3977446493,2,2,63067
3977486057,20,2,63059
3977708633,18,2,63067
3978203393,6,2,63073
3978204353,10,2,63073
3978465473,18,2,63073
3979560017,28,2,60919
3981863153,30,2,53927
3981989633,10,2,63103
3982397633,22,2,63073
3985523177,4,2,63131
3987796457,8,2,63149
3987861737,16,2,63149
3989684177,24,2,63031
3992634617,20,2,63179
3993214697,24,2,63059
3994113857,8,2,63199
3994117697,12,2,63199
3995660057,28,2,61051
3996679097,20,2,63211
4000184033,10,2,63247
4002300377,24,2,63131
4003936403,26,3,1579
4003978733,2,2,63277
4008286817,12,2,63311
4008363257,24,2,63179
4008536033,6,2,63313
4008536993,10,2,63313
4009058873,14,2,63317
4012843433,10,2,63347
4013104553,18,2,63347
4013224913,30,2,54217
4013602613,2,2,63353
4014340793,26,2,62827
4014616337,4,2,63361
4014681857,16,2,63361
4015393073,14,2,63367
4016906273,18,2,63377
4018169417,12,2,63389
4019195993,14,2,63397
4019467457,20,2,63391
4019570993,22,2,63367
4019734553,30,2,54277
4020701537,8,2,63409
4024510817,12,2,63439
4028821793,6,2,63473
4028838113,14,2,63473
4029083873,18,2,63473
4029208553,22,2,63443
4029927017,28,2,61331
4033016033,22,2,63473
4033967153,26,2,62983
4034471033,26,2,62987
4034917457,4,2,63521
4035966017,20,2,63521
4036442093,2,2,63533
4036442153,6,2,63533
4036458473,14,2,63533
4036704233,18,2,63533
4037458937,8,2,63541
4037462777,12,2,63541
4039000457,24,2,63421
4039500737,28,2,61409
4042051313,14,2,63577
4043228873,30,2,54493
4043306573,2,2,63587
4044832817,4,2,63599
4044836897,12,2,63599
4045881377,20,2,63599
4046873417,28,2,61469
4047139073,14,2,63617
4047384833,18,2,63617
4048653737,12,2,63629
4050862793,30,2,54563
4050956993,14,2,63647
4051316993,22,2,63617
4052038577,28,2,61511
4053996257,4,2,63671
4053996497,8,2,63671
4054061777,16,2,63671
4054235897,24,2,63541
4055044817,20,2,63671
4055134913,22,2,63647
4056288737,4,2,63689
4057308833,10,2,63697
4057592057,20,2,63691
4058334353,18,2,63703
4058840777,12,2,63709
4058902217,16,2,63709
4060338137,24,2,63589
4061130533,2,2,63727
4061610017,24,2,63599
4062421553,14,2,63737
4063170053,2,2,63743
4065465377,8,2,63761
4065469217,12,2,63761
4066815617,28,2,61631
4066995593,6,2,63773
4068081497,16,2,63781
4070773457,24,2,63671
4071588497,4,2,63809
4071654017,16,2,63809
4073019557,14,3,1597
4073166113,30,2,54767
4073375333,2,2,63823
4073376353,10,2,63823
4076466497,20,2,63839
4077197477,22,3,1597
4077569633,22,2,63823
4081399913,22,2,63853
4082242337,24,2,63761
4082677073,22,2,63863
4083752993,26,2,63377
4084104653,2,2,63907
4084105673,10,2,63907
4084121033,14,2,63907
4084793177,24,2,63781
4085133713,18,2,63913
4086917297,8,2,63929
4088298953,22,2,63907
4092450497,24,2,63841
4093056593,6,2,63977
4095772553,30,2,54973
4096456097,28,2,61871
4096872113,30,2,54983
4096896053,2,2,64007
4097680553,14,2,64013
4098432617,8,2,64019
4100225153,6,2,64033
4100487233,18,2,64033
4100738393,10,2,64037
4103684803,1,3,1601
4103684929,7,3,1601
4103815873,17,3,1601
4104068993,10,2,64063
4107656537,8,2,64091
4108774793,22,2,64067
4111012457,20,2,64109
4112073409,23,3,1601
4113799577,28,2,62011
4115350817,4,2,64151
4115351057,8,2,64151
4115608433,10,2,64153
4115869553,18,2,64153
4115953433,22,2,64123
4116137033,14,2,64157
4119970973,2,2,64187
4119971033,6,2,64187
4120227977,8,2,64189
4121244497,28,2,62071
4121554673,30,2,55207
4122658913,30,2,55217
4124165273,22,2,64187
4124855873,18,2,64223
4125530873,30,2,55243
4125625457,12,2,64231
4128017393,22,2,64217
4128696617,28,2,62131
4130761697,8,2,64271
4131790097,8,2,64279
4132304153,6,2,64283
4132566233,18,2,64283
4133269793,30,2,55313
4134892193,14,2,64303
4136155937,28,2,62191
4136498393,22,2,64283
4136589473,30,2,55343
4138997033,18,2,64333
4142157233,22,2,64327
4142398577,24,2,64231
4145591633,26,2,63863
4145961737,20,2,64381
4147231457,8,2,64399
4147747433,10,2,64403
4148077433,22,2,64373
4151213513,26,2,63907
4152388817,12,2,64439
4156082657,28,2,62351
4158384151,23,3,1607
4158831137,4,2,64489
4160121257,8,2,64499
4160165393,26,2,63977
4162320257,28,2,62401
4165510553,10,3,1609
4167089873,6,2,64553
4168913873,14,2,64567
4170188993,6,2,64577
4170205313,14,2,64577
4170451073,18,2,64577
4171495817,20,2,64579
4172001377,12,2,64591
4174322897,4,2,64609
4174323137,8,2,64609
4174383233,22,2,64577
4175101913,18,2,64613
4175608337,24,2,64489
4175877737,12,2,64621
4175897633,30,2,55697
4176649193,6,2,64627
4177686833,18,2,64633
4179034073,22,2,64613
4179561977,28,2,62539
4181049017,12,2,64661
4181319953,14,2,64663
4182716273,26,2,64153
4183373057,4,2,64679
4185184313,6,2,64693
4185200633,14,2,64693
4185931193,30,2,55787
4186015193,22,2,64667
4187254937,8,2,64709
4188774497,24,2,64591
4192174013,2,2,64747
4192190393,14,2,64747
4194246233,6,2,64763
4194585737,28,2,62659
4196653429,5,3,1613
4196837093,2,2,64783
4196837153,6,2,64783
4198887233,30,2,55903
4200150257,24,2,64679
4200465977,8,2,64811
4200469817,12,2,64811
4202242313,30,2,55933
4205911613,2,2,64853
4206441377,20,2,64849
4208285993,30,2,55987
4209026153,10,2,64877
4209284897,8,2,64879
4209288737,12,2,64879
4210333217,20,2,64879
4210907417,16,2,64891
4214662217,28,2,62819
4216814033,6,2,64937
4217076113,18,2,64937
4218632417,4,2,64951
4218636497,12,2,64951
4218683657,28,2,62851
4220946617,28,2,62869
4220970977,4,2,64969
4224611033,10,2,64997
4225023857,24,2,64871
4226430137,4,2,65011
4226434217,12,2,65011
4226495657,16,2,65011
4228774937,12,2,65029
4229291153,6,2,65033
4230207829,25,3,1613
4231513457,24,2,64921
4233194993,10,2,65063
4234235297,8,2,65071
4235041817,28,2,62981
4236049577,28,2,62989
4236577937,4,2,65089
4237879817,4,2,65099
4237880057,8,2,65099
4238140457,8,2,65101
4239188777,20,2,65101
4239442577,8,2,65111
4241005193,6,2,65123
4241021513,14,2,65123
4241267273,18,2,65123
4241786657,4,2,65129
4241852177,16,2,65129
4242835217,20,2,65129
4243207337,24,2,65011
4243757993,26,2,64627
4244131673,6,2,65147
4244147993,14,2,65147
4244183947,19,3,1619
4244872937,28,2,63059
4246738913,10,2,65167
4252997513,18,2,65213
4256127137,4,2,65239
4256231657,28,2,63149
4258563857,24,2,65129
4260042617,8,2,65269
4260046457,12,2,65269
4260107897,16,2,65269
4261090937,20,2,65269
4262670353,22,2,65257
4263175913,6,2,65293
4263176873,10,2,65293
4263192233,14,2,65293
4264065977,28,2,63211
4265265497,4,2,65309
4266330833,30,2,56503
4267110713,14,2,65323
4267617953,10,2,65327
4267633313,14,2,65327
4267879073,18,2,65327
4271553833,14,2,65357
4271811233,22,2,65327
4272920417,28,2,63281
4274740697,16,2,65381
4275731753,22,2,65357
4276245473,10,2,65393
4279251017,28,2,63331
4279645577,4,2,65419
4279649657,12,2,65419
4280168993,6,2,65423
4281038513,30,2,56633
4282000973,2,2,65437
4282001033,6,2,65437
4282410289,29,3,1553
4282624193,26,2,64927
4283309813,2,2,65447
4283326193,14,2,65447
4283571857,8,2,65449
4283571953,18,2,65447
4287157793,30,2,56687
4287564977,16,2,65479
4289857073,6,2,65497
4290106193,30,2,56713
4291452377,24,2,65381
4293005537,12,2,65521
4293963833,30,2,56747
4294051313,22,2,65497
4294967377,32,4,3
4294967539,32,5,3
4294967639,32,3,7
4294968257,32,2,31
4294972337,32,2,71
4294973537,32,2,79
4294995857,32,4,13
4295017949,32,3,37
4295046257,32,2,281
4295046803,32,3,43
4295096177,32,2,359
4295118617,32,2,389
4295160017,32,2,439
4295208377,32,2,491
4295238737,32,2,521
4295291057,32,2,569
4295338589,32,5,13
4295365457,32,2,631
4295484257,32,2,719
4295498737,32,12,3
4295625017,32,2,811
4295671217,32,2,839
4295797217,32,2,911
4295830337,32,2,929
4295884913,6,2,65543
4296030257,32,2,1031
4296110057,32,2,1069
4296292097,32,2,1151
4296422777,24,2,65419
4296477737,32,2,1229
4296527297,32,2,1249
4296633977,32,2,1291
4296738857,32,6,11
4296924497,32,2,1399
4297072697,32,2,1451
4297160657,32,2,1481
4297250417,32,2,1511
4297397777,32,2,1559
4297556177,32,2,1609
4297720253,2,2,65557
4297793057,32,4,41
4297853897,32,2,1699
4298467937,32,2,1871
4298581097,32,2,1901
4298696057,32,2,1931
4298963297,32,2,1999
4299084137,32,2,2029
4299508457,32,2,2131
4299551177,32,2,2141
4299846977,32,4,47
4299980417,32,2,2239
4300115657,32,2,2269
4300348817,24,2,65449
4300674617,32,2,2389
4300777073,30,2,56807
4300780217,32,2,2411
4300933097,16,2,65581
4301373257,32,2,2531
4301458793,30,2,56813
4301774177,32,2,2609
4301914553,22,2,65557
4301916713,18,2,65587
4302414737,32,2,2729
4302425657,32,2,2731
4303232897,12,2,65599
4303255937,32,2,2879
4304081657,32,2,3019
4304540897,4,2,65609
4305009857,32,2,3169
4305086057,32,2,3181
4305342137,32,2,3221
4305591713,10,2,65617
4305850697,32,2,3299
4306049537,32,2,3329
4306263617,32,2,3361
4306460273,30,2,56857
4306878899,4,3,1627
4306895267,14,3,1627
4307165657,4,2,65629
4307294417,32,2,3511
4307690753,6,2,65633
4307719337,32,2,3571
4307790857,32,2,3581
4308113993,26,2,65123
4308181937,28,2,63559
4308443537,32,2,3671
4308723977,32,2,3709
4308964817,32,3,241
4309790753,18,2,65647
4309797497,32,2,3851
4310325857,32,2,3919
4310841713,6,2,65657
4310842673,10,2,65657
4311240473,26,2,65147
4311361697,32,2,4049
4311867617,32,2,4111
4312015937,32,2,4129
4312767257,32,2,4219
4313123417,32,2,4261
4313268257,28,2,63599
4313484713,14,2,65677
4313846753,26,2,65167
4314782993,10,2,65687
4316580497,32,2,4649
4316599097,32,2,4651
4317615377,32,2,4759
4317901817,32,2,4789
4318724093,2,2,65717
4318724153,6,2,65717
4318740473,14,2,65717
4318976273,22,2,65687
4319844233,26,2,65213
4320301697,8,2,65729
4320564617,8,2,65731
4321706537,32,2,5171
4322835137,32,2,5279
4323365537,32,4,73
4324116497,32,2,5399
4324978937,28,2,63691
4326114857,32,2,5581
4326613793,6,2,65777
4326831017,24,2,65651
4327582817,32,2,5711
4328018297,32,2,5749
4328102033,30,2,57047
4328502977,32,2,5791
4328851337,32,2,5821
4329178097,32,2,5849
4329501233,26,2,65287
4329553457,32,2,5881
4330284713,26,2,65293
4332067577,32,2,6091
4333135817,24,2,65699
4333210313,14,2,65827
4333456073,18,2,65827
4333543817,32,2,6211
4333720817,8,2,65831
4334510633,6,2,65837
4334669897,32,2,6301
4334725793,26,2,65327
4334774177,8,2,65839
4335562793,18,2,65843
4336815257,32,2,6469
4337341577,24,2,65731
4337882897,32,2,6551
4338014017,32,16,3
4338145337,32,2,6571
4338704873,22,2,65837
4339064273,30,2,57143
4339309577,32,2,6659
4339336217,32,2,6661
4339576337,32,2,6679
4340306417,8,2,65881
4342678217,4,2,65899
4342729217,32,2,6911
4342743737,16,2,65899
4343394977,32,2,6959
4343422817,32,2,6961
4343981297,32,2,7001
4344514817,32,2,7039
4344969737,24,2,65789
4345079537,32,2,7079
4345582337,12,2,65921
4346385713,14,2,65927
4349004497,32,2,7351
4349538497,12,2,65951
4349557549,31,3,1301
4351833977,32,2,7541
4353496457,12,2,65981
4353756353,6,2,65983
4353757313,10,2,65983
4354241897,32,2,7699
4355077073,10,2,65993
4355311673,22,2,65963
4355338193,18,2,65993
4355352497,28,2,63929
4357910057,28,2,63949
4359270353,22,2,65993
4359455417,24,2,65899
4359592817,32,2,8039
4360076057,32,2,8069
4360399217,32,2,8089
4361732537,32,2,8171
4362059777,32,2,8191
4362420233,30,2,57347
4362468353,18,2,66047
4362552137,32,2,8221
4363343657,32,2,8269
4363518977,20,4,257
4364311253,32,5,37
4364849513,10,2,66067
4365342617,32,2,8389
4365377057,4,2,66071
4366962953,6,2,66083
4367234297,32,2,8501
4367755937,4,2,66089
4367756177,8,2,66089
4368804497,20,2,66089
4369585757,32,3,421
4369606673,6,2,66103
4369622993,14,2,66103
4369868753,18,2,66103
4369994393,30,2,57413
4370397593,18,2,66107
4370399897,4,2,66109
4370466017,32,2,8689
4373272097,32,2,8849
4374102833,6,2,66137
4374364913,18,2,66137
4375048673,30,2,57457
4376197913,30,2,57467
4376851697,32,2,9049
4377277937,4,2,66161
4377278177,8,2,66161
4378297073,22,2,66137
4378336817,8,2,66169
4378402097,16,2,66169
4379186873,30,2,57493
4379385137,20,2,66169
4379660297,8,2,66179
4379994137,32,2,9221
4380165091,31,3,1307
4380326417,32,2,9239
4380336833,30,2,57503
4380577193,26,2,65677
4381248497,4,2,66191
4383097553,30,2,57527
4383684857,32,2,9419
4384477817,32,2,9461
4384533137,24,2,66089
4385046377,32,2,9491
4385959817,32,2,9539
4386269417,20,2,66221
4386352697,28,2,64171
4386783901,11,3,1637
4387605137,4,2,66239
4387609217,12,2,66239
4387670657,16,2,66239
4387684937,32,2,9629
4388070497,32,2,9649
4390004393,30,2,57587
4391223017,32,2,9811
4392403937,32,2,9871
4392894017,20,2,66271
4392997097,32,2,9901
4393552337,32,2,9929
4394055137,24,2,66161
4394220143,32,3,463
4395888137,16,2,66301
4398172577,32,2,10159
4400460737,32,2,10271
4400859713,18,2,66337
4401077897,32,2,10301
4401490337,32,2,10321
4401940793,14,2,66347
4402685633,30,2,57697
4403782337,4,2,66361
4404565457,20,2,66359
4404830897,20,2,66361
4405238297,32,2,10501
4405375193,6,2,66373
4405637273,18,2,66373
4405869257,32,2,10531
4405922513,14,2,66377
4406459777,32,2,10559
4406702693,2,2,66383
4406964833,18,2,66383
4407518177,32,4,103
4408622657,24,2,66271
4410078737,32,2,10729
4410948713,18,2,66413
4413537617,32,2,10889
4414629017,32,2,10939
4414928633,30,2,57803
4416532853,2,2,66457
4418124233,18,2,66467
4418599457,32,2,11119
4420559537,24,2,66361
4420727153,22,2,66457
4420820177,28,2,64439
4420865153,26,2,65983
4421057177,12,2,66491
4421524673,22,2,66463
4421552297,32,2,11251
4421777417,32,2,11261
4422056393,22,2,66467
4422121097,12,2,66499
4422183137,32,2,11279
4423447097,4,2,66509
4423512617,16,2,66509
4427010377,32,2,11491
4427156417,20,2,66529
4427266577,28,2,64489
4428815753,30,2,57923
4430014937,32,2,11621
4431497297,16,2,66569
4431763577,16,2,66571
4431880697,32,2,11701
4432302257,32,2,11719
4432583657,32,2,11731
4434644033,14,2,66593
4435129217,32,2,11839
4437244313,26,2,66107
4437554777,32,2,11941
4437824753,6,2,66617
4437984977,32,2,11959
4438224257,32,2,11969
4438894217,24,2,66499
4439249993,30,2,58013
4439952977,32,2,12041
4440472217,20,2,66629
4441289513,6,2,66643
4441551593,18,2,66643
4442622473,6,2,66653
4442623433,10,2,66653
4444075817,32,2,12211
4444809377,32,2,12241
4445495657,32,2,12269
4446816713,22,2,66653
4448490833,10,2,66697
4448950577,32,2,12409
4449088937,16,2,66701
4450624433,6,2,66713
4450625393,10,2,66713
4450692737,32,2,12479
4451808497,28,2,64679
4452243977,32,2,12541
4453293353,6,2,66733
4453307717,32,3,541
4454206457,32,2,12619
4454815433,30,2,58147
4455513233,30,2,58153
4455690137,28,2,64709
4455761537,16,2,66751
4456477577,20,2,66749
4457314553,14,2,66763
4457560313,18,2,66763
4458014657,32,4,113
4458576977,32,2,12791
4461037697,4,2,66791
4461093617,32,2,12889
4461492473,22,2,66763
4461796673,30,2,58207
4461839273,6,2,66797
4461840233,10,2,66797
4461867857,32,2,12919
4465243697,32,2,13049
4466033513,22,2,66797
4466813177,32,2,13109
4467127937,32,2,13121
4467719537,8,2,66841
4468767857,20,2,66841
4469056217,4,2,66851
4470660773,2,2,66863
4470768377,32,2,13259
4470922913,18,2,66863
4471617977,32,2,13291
4472483993,26,2,66373
4472896217,32,2,13339
4473597833,18,2,66883
4474018457,32,2,13381
4474138337,4,2,66889
4474500497,32,2,13399
4475186897,20,2,66889
4476947393,30,2,58337
4478687933,2,2,66923
4478704313,14,2,66923
4480444457,32,2,13619
4480448513,30,2,58367
4481900873,6,2,66947
4482162953,18,2,66947
4482172697,12,2,66949
4482882233,22,2,66923
4482903977,32,2,13709
4483452737,32,2,13729
4483511777,12,2,66959
4483641713,26,2,66457
4484057297,32,2,13751
4484277377,32,2,13759
4484652233,30,2,58403
4485103817,32,2,13789
4485383753,10,2,66973
4485644873,18,2,66973
4485934913,14,2,66977
4486263857,32,2,13831
4487067857,28,2,64951
4487593937,32,2,13879
4489403033,10,2,67003
4489406417,28,2,64969
4490495033,30,2,58453
4491219377,32,2,14009
4491814697,8,2,67021
4492418393,26,2,66523
4493301353,30,2,58477
4494780233,14,2,67043
4495568657,8,2,67049
4498058297,32,2,14251
4498226297,20,2,67061
4498803713,14,2,67073
4498914257,32,2,14281
4500058337,32,2,14321
4500835553,22,2,67057
4503740897,32,2,14449
4504538153,30,2,58573
4504898417,32,2,14489
4504933553,26,2,66617
4506302657,4,2,67129
4507006913,22,2,67103
4508740937,32,2,14621
4509541793,14,2,67153
4511785337,28,2,65141
4513286777,4,2,67181
4513719713,22,2,67153
4514093033,6,2,67187
4514093993,10,2,67187
4514335337,20,2,67181
4514361737,4,2,67189
4515694697,28,2,65171
4517322617,12,2,67211
4517842337,32,2,14929
4517849513,18,2,67213
4518126113,10,2,67217
4518387233,18,2,67217
4518459497,16,2,67219
4520007377,4,2,67231
4520898257,32,2,15031
4521781673,22,2,67213
4522005857,24,2,67121
4523007497,32,2,15101
4524459497,32,2,15149
4524823217,32,2,15161
4525313693,32,3,613
4525387697,8,2,67271
4525452977,16,2,67271
4525672913,14,2,67273
4527809537,4,2,67289
4527841517,28,3,1621
4529639057,32,2,15319
4529850833,22,2,67273
4530232313,6,2,67307
4530248633,14,2,67307
4530494393,18,2,67307
4532158097,32,2,15401
4533700937,28,2,65309
4534545017,12,2,67339
4534606457,16,2,67339
4535079713,6,2,67343
4535953337,16,2,67349
4538582177,4,2,67369
4538582417,8,2,67369
4538586257,12,2,67369
4539232937,32,2,15629
4539630737,20,2,67369
4539641993,26,2,66877
4539858497,32,2,15649
4542683417,32,2,15739
4543673777,20,2,67399
4543977377,12,2,67409
4544483393,30,2,58913
4544586737,24,2,67289
4546670057,4,2,67429
4546674137,12,2,67429
4547173457,32,2,15881
4549540397,2,3,1657
4549541417,10,3,1657
4549907213,2,2,67453
4549907273,6,2,67453
4550377193,30,2,58963
4551403793,22,2,67433
4553027393,26,2,66977
4553145533,2,2,67477
4554765377,8,2,67489
4555306073,10,2,67493
4555434617,32,2,16139
4555567193,18,2,67493
4556115017,4,2,67499
4556180537,16,2,67499
4556510873,26,2,67003
4557163577,20,2,67499
4557456353,30,2,59023
4558997297,32,2,16249
4559355533,2,2,67523
4559356553,10,2,67523
4560440057,12,2,67531
4560501497,16,2,67531
4560998633,30,2,59053
4561020137,24,2,67411
4561484537,20,2,67531
4562179793,30,2,59063
4562257097,32,2,16349
4562368457,24,2,67421
4562613593,14,2,67547
4564284017,16,2,67559
4565315873,14,2,67567
4565440673,22,2,67537
4565602697,32,2,16451
4565724473,30,2,59093
4568338457,16,2,67589
4569895217,4,2,67601
4569895457,8,2,67601
4570706453,2,2,67607
4571664257,28,2,65599
4572892217,24,2,67499
4573377737,20,2,67619
4573556777,32,2,16691
4573823897,32,2,16699
4574017697,16,2,67631
4575314339,28,3,1627
4575601097,28,2,65629
4576723337,16,2,67651
4577706377,20,2,67651
4578182537,32,2,16829
4579597937,32,2,16871
4580447057,4,2,67679
4580447297,8,2,67679
4580512577,16,2,67679
4580611097,32,2,16901
4582290113,30,2,59233
4584203177,20,2,67699
4584794057,28,2,65699
4585233953,26,2,67217
4588736897,28,2,65729
4589398577,32,2,17159
4590198017,4,2,67751
4590198257,8,2,67751
4590429017,32,2,17189
4590599033,22,2,67723
4591011053,2,2,67757
4591246577,20,2,67751
4591282097,4,2,67759
4591347617,16,2,67759
4591825193,10,2,67763
4592330657,20,2,67759
4592765393,26,2,67273
4593435017,24,2,67651
4593721733,2,2,67777
4594536113,10,2,67783
4596302177,32,2,17359
4596979697,12,2,67801
4598729393,22,2,67783
4599141251,2,3,1663
4599369953,30,2,59377
4599420857,12,2,67819
4600902377,32,2,17491
4601270273,30,2,59393
4601882657,32,2,17519
4602672653,2,2,67843
4602689033,14,2,67843
4602933473,30,2,59407
4603988537,32,2,17579
4604029613,2,2,67853
4604058857,32,2,17581
4606191833,18,2,67867
4610611337,16,2,67901
4611113657,28,2,65899
4611415817,32,2,17789
4611486977,32,2,17791
4612125737,24,2,67789
4613197217,32,2,17839
4614013697,28,2,65921
4614093713,14,2,67927
4614893513,10,2,67933
4615707737,4,2,67939
4615707977,8,2,67939
4615773257,16,2,67939
4616129537,32,2,17921
4616252273,10,2,67943
4617924137,32,2,17971
4618170233,14,2,67957
4618271633,22,2,67927
4619775233,18,2,67967
4621144457,4,2,67979
4621148537,12,2,67979
4622232233,6,2,67987
4623048113,6,2,67993
4623700457,32,2,18131
4626426473,22,2,67987
4627128533,2,2,68023
4629577937,8,2,68041
4631211833,10,2,68053
4631322833,22,2,68023
4631472953,18,2,68053
4632027737,8,2,68059
4632408091,7,3,1667
4632484937,24,2,67939
4633564097,32,2,18401
4633661297,8,2,68071
4633665137,12,2,68071
4634964017,32,2,18439
4638661817,32,2,18539
4639108577,8,2,68111
4639173857,16,2,68111
4639381793,10,2,68113
4640555713,29,3,1601
4643200217,32,2,18661
4644029993,14,2,68147
4645368257,32,2,18719
4645926017,12,2,68161
4646354897,24,2,68041
4647350777,16,2,68171
4648095497,28,2,66179
4649423033,30,2,59797
4652194913,6,2,68207
4652593217,32,2,18911
4653295613,22,3,1669
4653513593,26,2,67723
4654923593,6,2,68227
4656309377,32,2,19009
4658119913,26,2,67757
4659051857,32,2,19081
4659117833,22,2,68227
4662699137,24,2,68161
4662878057,32,2,19181
4663070417,20,2,68279
4663343537,20,2,68281
4666392977,8,2,68311
4669244897,24,2,68209
4669781513,26,2,67843
4671863297,12,2,68351
4674597737,12,2,68371
4675301993,30,2,60013
4675642217,20,2,68371
4676427257,32,2,19531
4677055577,8,2,68389
4678423457,8,2,68399
4679207879,32,3,727
4679471777,20,2,68399
4681522217,32,2,19661
4682001353,26,2,67933
4682987753,30,2,60077
4683360113,26,2,67943
4683411977,32,2,19709
4684444253,2,2,68443
4684444313,6,2,68443
4684460633,14,2,68443
4685265617,4,2,68449
4688551733,2,2,68473
4688568113,14,2,68473
4688632577,32,2,19841
4690552457,28,2,66499
4691370857,24,2,68371
4692387257,8,2,68501
4693408817,32,2,19961
4695127457,4,2,68521
4695131537,12,2,68521
4695407417,32,2,20011
4695807737,32,2,20021
4697546537,20,2,68531
4698142913,6,2,68543
4698404993,18,2,68543
4701433493,2,2,68567
4701434513,10,2,68567
4701449873,14,2,68567
4704260657,32,2,20231
4704402137,20,2,68581
4706489633,26,2,68113
4707534857,16,2,68611
4707794297,24,2,68491
4709456177,32,2,20359
4710488693,2,2,68633
4710488753,6,2,68633
4710505073,14,2,68633
4710678617,32,2,20389
4711904657,24,2,68521
4714682993,22,2,68633
4715106857,20,2,68659
4716078737,32,2,20521
4717458857,28,2,66701
4717616633,18,2,68683
4717904033,6,2,68687
4718166113,18,2,68687
4720601177,20,2,68699
4721477393,10,2,68713
4722098273,22,2,68687
4723675457,4,2,68729
4724131457,28,2,66751
4724775173,2,2,68737
4725037313,18,2,68737
4725600053,2,2,68743
4728969473,22,2,68737
4729450457,4,2,68771
4729515977,16,2,68771
4729648097,32,2,20849
4730292113,14,2,68777
4730499017,20,2,68771
4730537873,18,2,68777
4732990337,32,2,20929
4733409017,32,2,20939
4733481497,28,2,66821
4733524309,29,3,1613
4735169657,32,2,20981
4736058857,12,2,68819
4736154737,28,2,66841
4736330297,8,2,68821
4736334137,12,2,68821
4742112833,6,2,68863
4742113793,10,2,68863
4742129153,14,2,68863
4744592417,8,2,68881
4745640737,20,2,68881
4745973977,12,2,68891
4746796673,6,2,68897
4747018457,20,2,68891
4747058753,18,2,68897
4747337657,32,2,21269
4747885553,18,2,68903
4748454377,12,2,68909
4748889953,30,2,60623
4749552893,2,2,68917
4750731833,26,2,68437
4750990913,22,2,68897
4751943137,28,2,66959
4752100673,26,2,68447
4752970097,32,2,21401
4753688873,6,2,68947
4753705193,14,2,68947
4753950953,18,2,68947
4755660593,26,2,68473
4755895433,6,2,68963
4756400657,32,2,21481
4758120737,32,2,21521
4758465137,32,2,21529
4760035073,10,2,68993
4760296193,18,2,68993
4761052217,32,2,21589
4761484097,32,2,21599
4762518377,8,2,69011
4763646497,32,2,21649
4765251713,26,2,68543
4765344497,16,2,69031
4768542353,26,2,68567
4769421977,8,2,69061
4770470297,20,2,69061
4770512633,18,2,69067
4772657273,26,2,68597
4772783177,32,2,21859
4773664097,28,2,67121
4774738097,28,2,67129
4777436177,4,2,69119
4777597553,26,2,68633
4780110017,28,2,67169
4780332257,32,2,22031
4780770833,14,2,69143
4780968593,30,2,60887
4781588297,12,2,69149
4781861057,8,2,69151
4782056177,24,2,69031
4782979577,32,2,22091
4784463353,26,2,68683
4785353753,30,2,60923
4785988577,32,2,22159
4787394737,8,2,69191
4787460017,16,2,69191
4787714873,22,2,69163
4788241193,14,2,69197
4788442817,28,2,67231
4789071593,14,2,69203
4791546857,4,2,69221
4791550937,12,2,69221
4791884033,26,2,68737
4792708913,26,2,68743
4796532113,6,2,69257
4796548433,14,2,69257
4796794193,18,2,69257
4796809337,8,2,69259
4797130577,32,2,22409
4798036553,30,2,61027
4799823257,32,2,22469
4799989673,30,2,61043
4800362657,32,2,22481
4800726353,22,2,69257
4804292993,10,2,69313
4804417337,32,2,22571
4806586457,32,2,22619
4806676937,32,2,22621
4807619573,2,2,69337
4807620593,10,2,69337
4807635953,14,2,69337
4808035097,32,2,22651
4808174297,4,2,69341
4809040793,22,2,69317
4809222857,20,2,69341
4813394657,32,2,22769
4814000693,2,2,69383
4814833337,4,2,69389
4814898857,16,2,69389
4816502897,12,2,69401
4817975849,28,3,1657
4818194993,22,2,69383
4819423097,32,2,22901
4820108333,2,2,69427
4822174817,32,2,22961
4823004233,26,2,68963
4824275873,10,2,69457
4824291233,14,2,69457
4824302633,22,2,69427
4824473417,32,2,23011
4825108433,6,2,69463
4825124753,14,2,69463
4825664093,2,2,69467
4825680473,14,2,69467
4826514113,14,2,69473
4826684777,32,2,23059
4828469153,22,2,69457
4829003177,12,2,69491
4829833013,2,2,69497
4829834033,10,2,69497
4830010457,32,2,23131
4830692033,22,2,69473
4831064033,30,2,61297
4831159577,20,2,69499
4831306577,32,2,23159
4833471353,22,2,69493
4835672537,4,2,69539
4835738057,16,2,69539
4836879137,32,2,23279
4838176253,2,2,69557
4838188193,26,2,69073
4838330657,28,2,67601
4841077457,32,2,23369
4843979057,32,2,23431
4845776297,24,2,69491
4850088017,32,2,23561
4851030857,32,2,23581
4851556433,22,2,69623
4851556793,14,2,69653
4851880097,32,2,23599
4852575941,14,3,1693
4852655177,8,2,69661
4852944137,28,2,67709
4853296937,32,2,23629
4854884393,6,2,69677
4855130873,30,2,61493
4855146473,18,2,69677
4855333673,26,2,69197
4856835497,4,2,69691
4856852873,30,2,61507
4856901017,16,2,69691
4857671813,2,2,69697
4857688193,14,2,69697
4857933953,18,2,69697
4859348777,12,2,69709
4862255873,26,2,69247
4862513633,30,2,61553
4863511313,18,2,69737
4864472033,26,2,69263
4866129497,32,2,23899
4866662657,16,2,69761
4866876233,6,2,69763
4867434293,2,2,69767
4867434353,6,2,69767
4870157417,20,2,69779
4871070473,22,2,69763
4871879657,32,2,24019
4873296497,4,2,69809
4873296737,8,2,69809
4873362017,16,2,69809
4874972057,4,2,69821
4876121897,24,2,69709
4876789937,32,2,24121
4880000513,6,2,69857
4880016833,14,2,69857
4880280137,8,2,69859
4880842193,22,2,69833
4881002033,30,2,61703
4882496417,32,2,24239
4882796153,10,2,69877
4882797713,22,2,69847
4882811513,14,2,69877
4883057273,18,2,69877
4884194753,22,2,69857
4885874297,12,2,69899
4885935737,16,2,69899
4887132977,28,2,67961
4888912937,32,2,24371
4889790617,32,6,29
4890069137,12,2,69929
4890073697,24,2,69809
4890344777,4,2,69931
4890345017,8,2,69931
4891254857,32,2,24419
4891383713,26,2,69457
4891743737,8,2,69941
4891747577,12,2,69941
4892217233,26,2,69463
4892232017,32,2,24439
4893699257,32,2,24469
4895310257,20,2,69959
4896385913,26,2,69493
4899596393,14,2,69997
4899788657,20,2,69991
4900420073,6,2,70003
4900436393,14,2,70003
4901325617,16,2,70009
4902096497,28,2,68071
4904325137,24,2,69911
4904336123,10,3,1699
4904612777,32,2,24691
4905285113,26,2,69557
4905501977,32,2,24709
4905527057,16,2,70039
4907480297,32,2,24749
4907543777,28,2,68111
4908529403,22,3,1699
4908695153,30,2,61927
4909646633,18,2,70067
4910453777,32,2,24809
4911049337,32,2,24821
4911066497,8,2,70079
4911631337,28,2,68141
4912114817,20,2,70079
4913873897,12,2,70099
4914357377,28,2,68161
4915552337,4,2,70111
4918649273,26,2,69653
4919479577,8,2,70139
4919483417,12,2,70139
4919544857,16,2,70139
4921518257,32,2,25031
4922004653,2,2,70157
4923108713,18,2,70163
4923572033,30,2,62047
4924812353,10,2,70177
4925373017,8,2,70181
4925529617,32,2,25111
4925915633,18,2,70183
4928180417,4,2,70201
4928445857,32,2,25169
4928546537,32,2,25171
4929023873,10,2,70207
4930457297,28,2,68279
4930647017,24,2,70099
4932112457,4,2,70229
4932177977,16,2,70229
4933161017,20,2,70229
4933217153,22,2,70207
4933798097,4,2,70241
4933985033,26,2,69763
4934543153,26,2,69767
4934922017,4,2,70249
4935494273,30,2,62143
4936256537,24,2,70139
4938013697,8,2,70271
4939062017,20,2,70271
4940547617,12,2,70289
4941669233,10,2,70297
4941930353,18,2,70297
4943355497,4,2,70309
4943917973,2,2,70313
4943934353,14,2,70313
4944404057,20,2,70309
4944744577,31,3,1409
4945043297,8,2,70321
4945108577,16,2,70321
4945712273,26,2,69847
4946091617,20,2,70321
4950378497,32,2,25601
4950788177,32,2,25609
4952359193,6,2,70373
4955174453,2,2,70393
4958396753,30,2,62327
4959178577,28,2,68489
4959368753,22,2,70393
4959415313,14,2,70423
4960822457,28,2,68501
4961652737,4,2,70439
4962701297,20,2,70439
4962724577,32,2,25841
4963347497,12,2,70451
4963562897,28,2,68521
4964474777,12,2,70459
4964536217,16,2,70459
4965207617,32,2,25889
4968417173,2,2,70487
4968418193,10,2,70487
4968433553,14,2,70487
4969979657,32,2,25981
4970262377,24,2,70381
4970372753,30,2,62423
4970391017,4,2,70501
4970915297,32,2,25999
4975431353,22,2,70507
4975867913,30,2,62467
4979365217,32,2,26161
4979747777,28,2,68639
4980548393,6,2,70573
4980564713,14,2,70573
4980810473,18,2,70573
4980831017,32,2,26189
4981247897,24,2,70459
4981960913,10,2,70583
4982806937,4,2,70589
4984117913,30,2,62533
4984343993,26,2,70123
4985476337,24,2,70489
4987043417,8,2,70619
4987108697,16,2,70619
4987168217,24,2,70501
4987870793,30,2,62563
4988173193,6,2,70627
4989872417,12,2,70639
4992367433,22,2,70627
4992411653,2,2,70657
4992411713,6,2,70657
4992412673,10,2,70657
4993521713,18,2,70663
4994630513,30,2,62617
4995882953,30,2,62627
4996131713,26,2,70207
4996652033,6,2,70687
4996668353,14,2,70687
4997453873,22,2,70663
4999285817,32,2,26539
